vector,variable_name,item_id,order,lrn_question_position,prompt,item_type,lrn_type,page,chapter,lrn_activity_reference,lrn_question_reference,release,book,branch,lrn_option_0,lrn_option_1,lrn_option_2,lrn_option_3,lrn_option_4,lrn_option_5,lrn_option_6,lrn_option_7,lrn_option_8
FALSE,advice_t2,Mid1_Advice_0624,,7,What advice would you give to future students who want to do well in this course?,learnosity-activity,plaintext,4.13 Quantifying the Data Generating Process,Chapter 4 - Explaining Variation,Mid1_Survey_0624,5e79c074-a2f0-4132-8b8b-d6edfc3c25d8,release/v5.6.1,College / Advanced Statistics with R (ABCD),experiment/exp-test/A/release-5-6-1,,,,,,,,,
FALSE,age,Pre_StudBack1_v2,,10,"What's your age, in years?",learnosity-activity,shorttext,Student Survey (REQUIRED),Getting Started (Don't Skip This Part),Pre_Survey_1223,83ffcc36-7ac6-4cd5-8298-182a5d1ba930,release/v5.6.1,College / Advanced Statistics with R (ABCD),experiment/exp-test/A/release-5-6-1,,,,,,,,,
TRUE,anx_ma_1,Pre_Survey_1223,1,4,"In general, I tend to feel very anxious about mathematics.",learnosity-activity,choicematrix,Student Survey (REQUIRED),Getting Started (Don't Skip This Part),Pre_Survey_1223,8048858f-6224-4fc6-9c5a-fc3122f1f8d9,release/v5.6.1,College / Advanced Statistics with R (ABCD),experiment/exp-test/A/release-5-6-1,Strongly disagree,Disagree,Slightly disagree,Slightly agree,Agree,Strongly agree,,,
FALSE,anx_ma_4,Post_Survey_1223,,4,"In general, I tend to feel very anxious about mathematics.	",learnosity-activity,choicematrix,End of Course Survey (Required),Finishing Up (Don't Skip This Part!),Post_Survey_1223,3b98d4fb-67a2-4a15-82a8-87341db5c2da,release/v5.6.1,College / Advanced Statistics with R (ABCD),experiment/exp-test/A/release-5-6-1,Strongly disagree,Disagree,Slightly disagree,Slightly agree,Agree,Strongly agree,,,
TRUE,blc1_1,Pre_Survey_1223,6,4,I matter as a student in this class.,learnosity-activity,choicematrix,Student Survey (REQUIRED),Getting Started (Don't Skip This Part),Pre_Survey_1223,8048858f-6224-4fc6-9c5a-fc3122f1f8d9,release/v5.6.1,College / Advanced Statistics with R (ABCD),experiment/exp-test/A/release-5-6-1,Strongly disagree,Disagree,Slightly disagree,Slightly agree,Agree,Strongly agree,,,
TRUE,blc1_4,Post_Survey_1223,5,5,I matter as a student in this class.,learnosity-activity,choicematrix,End of Course Survey (Required),Finishing Up (Don't Skip This Part!),Post_Survey_1223,aafdcb0d-83cc-4260-a86a-6e86ee36c4cc,release/v5.6.1,College / Advanced Statistics with R (ABCD),experiment/exp-test/A/release-5-6-1,Strongly disagree,Disagree,Slightly disagree,Slightly agree,Agree,Strongly agree,,,
TRUE,blc2_1,Pre_Survey_1223,7,4,I belong in this class.,learnosity-activity,choicematrix,Student Survey (REQUIRED),Getting Started (Don't Skip This Part),Pre_Survey_1223,8048858f-6224-4fc6-9c5a-fc3122f1f8d9,release/v5.6.1,College / Advanced Statistics with R (ABCD),experiment/exp-test/A/release-5-6-1,Strongly disagree,Disagree,Slightly disagree,Slightly agree,Agree,Strongly agree,,,
TRUE,blc2_4,Post_Survey_1223,6,5,I belong in this class.,learnosity-activity,choicematrix,End of Course Survey (Required),Finishing Up (Don't Skip This Part!),Post_Survey_1223,aafdcb0d-83cc-4260-a86a-6e86ee36c4cc,release/v5.6.1,College / Advanced Statistics with R (ABCD),experiment/exp-test/A/release-5-6-1,Strongly disagree,Disagree,Slightly disagree,Slightly agree,Agree,Strongly agree,,,
FALSE,conf_1,Pre_Survey_1223,,3,How confident are you in your R skills?	,learnosity-activity,choicematrix,Student Survey (REQUIRED),Getting Started (Don't Skip This Part),Pre_Survey_1223,1794b779-2f3a-4ae8-98a6-19f3ad2e459b,release/v5.6.1,College / Advanced Statistics with R (ABCD),experiment/exp-test/A/release-5-6-1,Not at all confident,Only a little confident,Somewhat confident,Mostly confident,Completely confident,,,,
FALSE,conf_2,Mid1_Survey_0624,,3,How confident are you in your R skills?	,learnosity-activity,choicematrix,4.13 Quantifying the Data Generating Process,Chapter 4 - Explaining Variation,Mid1_Survey_0624,fff3eb92-3ee5-462e-ae57-a102b9c033d2,release/v5.6.1,College / Advanced Statistics with R (ABCD),experiment/exp-test/A/release-5-6-1,Not at all confident,Only a little confident,Somewhat confident,Mostly confident,Completely confident,,,,
FALSE,conf_3,Mid2_Survey_0624,,3,How confident are you in your R skills?	,learnosity-activity,choicematrix,9.11 Limitations to Keep in Mind,Chapter 9 - Models with a Quantitative Explanatory Variable,Mid2_Survey_0624,65db99bf-a25f-4413-82b2-4cd3067ec00e,release/v5.6.1,College / Advanced Statistics with R (ABCD),experiment/exp-test/A/release-5-6-1,Not at all confident,Only a little confident,Somewhat confident,Mostly confident,Completely confident,,,,
FALSE,conf_4,Post_Survey_1223,,3,How confident are you in your R skills?	,learnosity-activity,choicematrix,End of Course Survey (Required),Finishing Up (Don't Skip This Part!),Post_Survey_1223,0f3e41e3-9327-4c93-8b5c-e82518ac0a94,release/v5.6.1,College / Advanced Statistics with R (ABCD),experiment/exp-test/A/release-5-6-1,Not at all confident,Only a little confident,Somewhat confident,Mostly confident,Completely confident,,,,
TRUE,cost_pulse10,Pulse_c1,4,,I am unable to put in the time needed to do well in this course.,learnosity,choicematrix,10.1 The Problem of Inference,Chapter 10 - The Logic of Inference,21680c60-e4a8-449a-8692-0b006039118a,ea751e20-cbd7-4774-a6ae-4267bdc3dac7,release/v5.6.1,College / Advanced Statistics with R (ABCD),experiment/exp-test/A/release-5-6-1,Strongly disagree,Disagree,Slightly disagree,Slightly agree,Agree,Strongly agree,,,
TRUE,cost_pulse11,Pulse_c2,4,,I am unable to put in the time needed to do well in this course.,learnosity,choicematrix,11.1 Moving Beyond b1,Chapter 11 - Model Comparison with F,b0035dd4-0026-4c07-ae09-c8f3b3dd0b3d,95d7b076-f71c-4bd3-9f3b-09702d97e82d,release/v5.6.1,College / Advanced Statistics with R (ABCD),experiment/exp-test/A/release-5-6-1,Strongly disagree,Disagree,Slightly disagree,Slightly agree,Agree,Strongly agree,,,
TRUE,cost_pulse12,Pulse_c3,4,,I am unable to put in the time needed to do well in this course.,learnosity,choicematrix,12.1 From Hypothesis Testing to Confidence Intervals,Chapter 12 - Parameter Estimation and Confidence Intervals,79229aab-e23d-45c3-9b22-55e42604d77c,f50886de-dfba-4893-9528-240f11dce578,release/v5.6.1,College / Advanced Statistics with R (ABCD),experiment/exp-test/A/release-5-6-1,Strongly disagree,Disagree,Slightly disagree,Slightly agree,Agree,Strongly agree,,,
TRUE,cost_pulse13,Pulse_d1,4,,I am unable to put in the time needed to do well in this course.,learnosity,choicematrix,13.1 Models with Two Explanatory Variables,Chapter 13 - Introduction to Multivariate Models,3ab5a90f-30f8-49c7-80bb-10606302b182,35059832-d884-4646-bec3-f0c5f5132219,release/v5.6.1,College / Advanced Statistics with R (ABCD),experiment/exp-test/A/release-5-6-1,Strongly disagree,Disagree,Slightly disagree,Slightly agree,Agree,Strongly agree,,,
TRUE,cost_pulse2,Pulse_a2,4,,I am unable to put in the time needed to do well in this course.,learnosity,choicematrix,2.1 Starting with a Bunch of Numbers,Chapter 2 - Understanding Data,779fff33-081b-4973-91c8-f7ad425d9afc,bdd1f737-26e7-4d6a-89f0-2ce2b1ddc145,release/v5.6.1,College / Advanced Statistics with R (ABCD),experiment/exp-test/A/release-5-6-1,Strongly disagree,Disagree,Slightly disagree,Slightly agree,Agree,Strongly agree,,,
TRUE,cost_pulse3,Pulse_a3,4,,I am unable to put in the time needed to do well in this course.,learnosity,choicematrix,3.1 The Concept of Distribution,Chapter 3 - Examining Distributions,c6a571f3-5352-4b06-9220-b7318d3bd736,cea09b1a-740f-4e7e-bf46-133635c473a8,release/v5.6.1,College / Advanced Statistics with R (ABCD),experiment/exp-test/A/release-5-6-1,Strongly disagree,Disagree,Slightly disagree,Slightly agree,Agree,Strongly agree,,,
TRUE,cost_pulse4,Pulse_a4,4,,I am unable to put in the time needed to do well in this course.,learnosity,choicematrix,4.1 Outcome and Explanatory Variables,Chapter 4 - Explaining Variation,87c64df6-8a0a-4617-96be-cd7c06d8c5c6,3e7981ed-5c59-445e-854f-adf71448feb1,release/v5.6.1,College / Advanced Statistics with R (ABCD),experiment/exp-test/A/release-5-6-1,Strongly disagree,Disagree,Slightly disagree,Slightly agree,Agree,Strongly agree,,,
TRUE,cost_pulse5,Pulse_b1,4,,I am unable to put in the time needed to do well in this course.,learnosity,choicematrix,"5.1 What is a Model, and Why Would We Want One?",Chapter 5 - A Simple Model,fad48150-4175-4b27-8747-90d2f3f4e5b8,98766f0f-e862-4eb6-b12d-c0e169626a61,release/v5.6.1,College / Advanced Statistics with R (ABCD),experiment/exp-test/A/release-5-6-1,Strongly disagree,Disagree,Slightly disagree,Slightly agree,Agree,Strongly agree,,,
TRUE,cost_pulse6,Pulse_b2,4,,I am unable to put in the time needed to do well in this course.,learnosity,choicematrix,6.1 Quantifying Total Error Around a Model,Chapter 6 - Quantifying Error,26d3e308-69c2-4780-8dd9-2870335587e6,71fb02f1-c5e0-427b-bf3d-32d47705faaa,release/v5.6.1,College / Advanced Statistics with R (ABCD),experiment/exp-test/A/release-5-6-1,Strongly disagree,Disagree,Slightly disagree,Slightly agree,Agree,Strongly agree,,,
TRUE,cost_pulse7,Pulse_b3,4,,I am unable to put in the time needed to do well in this course.,learnosity,choicematrix,7.1 Explaining Variation,Chapter 7 - Adding an Explanatory Variable to the Model,8574b284-4887-4d03-b876-98c5807cb493,f73b3eaf-4746-4400-9958-bd3f97869fce,release/v5.6.1,College / Advanced Statistics with R (ABCD),experiment/exp-test/A/release-5-6-1,Strongly disagree,Disagree,Slightly disagree,Slightly agree,Agree,Strongly agree,,,
TRUE,cost_pulse8,Pulse_b4,4,,I am unable to put in the time needed to do well in this course.,learnosity,choicematrix,8.1 Extending to a Three-Group Model,Chapter 8 - Digging Deeper into Group Models,fb9963ef-56db-47ea-a414-96d01f46e81c,70f6f75b-feaf-4c07-8d4f-76bb84e98a54,release/v5.6.1,College / Advanced Statistics with R (ABCD),experiment/exp-test/A/release-5-6-1,Strongly disagree,Disagree,Slightly disagree,Slightly agree,Agree,Strongly agree,,,
TRUE,cost_pulse9,Pulse_b5,4,,I am unable to put in the time needed to do well in this course.,learnosity,choicematrix,9.1 Using a Quantitative Explanatory Variable in a Model,Chapter 9 - Models with a Quantitative Explanatory Variable,cf89b8a8-a51a-4744-bec0-a5856f5fd792,689e1f6e-b658-46ec-b2a7-55c62d8768f9,release/v5.6.1,College / Advanced Statistics with R (ABCD),experiment/exp-test/A/release-5-6-1,Strongly disagree,Disagree,Slightly disagree,Slightly agree,Agree,Strongly agree,,,
TRUE,cost2_1,Pre_EVC,7,,I think I will have to give up too much to do well in this class.,learnosity-activity,choicematrix,Student Survey (REQUIRED),Getting Started (Don't Skip This Part),Pre_Survey_1223,3cb11c42-79d2-4d66-9b1f-c7414088fb70,release/v5.6.1,College / Advanced Statistics with R (ABCD),experiment/exp-test/A/release-5-6-1,Strongly disagree,Disagree,Slightly disagree,Slightly agree,Agree,Strongly agree,,,
TRUE,cost2_2,Mid1_EVC,6,,I have to give up too much to do well in this class.,learnosity-activity,choicematrix,4.13 Quantifying the Data Generating Process,Chapter 4 - Explaining Variation,Mid1_Survey_0624,8cfcad51-59b7-4ae3-a7c4-e4f5cafdc37a,release/v5.6.1,College / Advanced Statistics with R (ABCD),experiment/exp-test/A/release-5-6-1,Strongly disagree,Disagree,Slightly disagree,Slightly agree,Agree,Strongly agree,,,
TRUE,cost2_3,Mid2_EVC,6,,I have to give up too much to do well in this class.,learnosity-activity,choicematrix,9.11 Limitations to Keep in Mind,Chapter 9 - Models with a Quantitative Explanatory Variable,Mid2_Survey_0624,d1815d15-b352-45b2-9f03-abe687917406,release/v5.6.1,College / Advanced Statistics with R (ABCD),experiment/exp-test/A/release-5-6-1,Strongly disagree,Disagree,Slightly disagree,Slightly agree,Agree,Strongly agree,,,
TRUE,cost2_4,Post_EVC,7,1,I have to give up too much to do well in this class.,learnosity-activity,choicematrix,End of Course Survey (Required),Finishing Up (Don't Skip This Part!),Post_Survey_1223,96406e57-9e35-43fa-8655-a5875e956bff,release/v5.6.1,College / Advanced Statistics with R (ABCD),experiment/exp-test/A/release-5-6-1,Strongly disagree,Disagree,Slightly disagree,Slightly agree,Agree,Strongly agree,,,
TRUE,cost3_1,Pre_EVC,8,,I think this class is going to be too stressful for me,learnosity-activity,choicematrix,Student Survey (REQUIRED),Getting Started (Don't Skip This Part),Pre_Survey_1223,3cb11c42-79d2-4d66-9b1f-c7414088fb70,release/v5.6.1,College / Advanced Statistics with R (ABCD),experiment/exp-test/A/release-5-6-1,Strongly disagree,Disagree,Slightly disagree,Slightly agree,Agree,Strongly agree,,,
TRUE,cost3_2,Mid1_EVC,7,,This class is too stressful for me.,learnosity-activity,choicematrix,4.13 Quantifying the Data Generating Process,Chapter 4 - Explaining Variation,Mid1_Survey_0624,8cfcad51-59b7-4ae3-a7c4-e4f5cafdc37a,release/v5.6.1,College / Advanced Statistics with R (ABCD),experiment/exp-test/A/release-5-6-1,Strongly disagree,Disagree,Slightly disagree,Slightly agree,Agree,Strongly agree,,,
TRUE,cost3_3,Mid2_EVC,7,,This class is too stressful for me.,learnosity-activity,choicematrix,9.11 Limitations to Keep in Mind,Chapter 9 - Models with a Quantitative Explanatory Variable,Mid2_Survey_0624,d1815d15-b352-45b2-9f03-abe687917406,release/v5.6.1,College / Advanced Statistics with R (ABCD),experiment/exp-test/A/release-5-6-1,Strongly disagree,Disagree,Slightly disagree,Slightly agree,Agree,Strongly agree,,,
TRUE,cost3_4,Post_EVC,8,1,This class is too stressful for me.,learnosity-activity,choicematrix,End of Course Survey (Required),Finishing Up (Don't Skip This Part!),Post_Survey_1223,96406e57-9e35-43fa-8655-a5875e956bff,release/v5.6.1,College / Advanced Statistics with R (ABCD),experiment/exp-test/A/release-5-6-1,Strongly disagree,Disagree,Slightly disagree,Slightly agree,Agree,Strongly agree,,,
FALSE,cs_prep,Pre_CollegeOnly_v3,,20,Have you had experience with computer programming before?,learnosity-activity,mcq,Student Survey (REQUIRED),Getting Started (Don't Skip This Part),Pre_Survey_1223,3b14f6db-8592-4748-82fa-99cdaf6d138d,release/v5.6.1,College / Advanced Statistics with R (ABCD),experiment/exp-test/A/release-5-6-1,No,"Not a formal course, but I have tried programming on my own","Yes, I have used computer programming in a non-programming course","Yes, I have taken a computer programming class.",,,,,
FALSE,edmom,Pre_StudBack2_v2,,12,"To the best of your knowledge, what is the HIGHEST level of education earned by your mother?",learnosity-activity,mcq,Student Survey (REQUIRED),Getting Started (Don't Skip This Part),Pre_Survey_1223,b68e9e5e-c349-43c2-9733-f7c90c1bdc93,release/v5.6.1,College / Advanced Statistics with R (ABCD),experiment/exp-test/A/release-5-6-1,I do not know/uncertain,Elementary or Middle School,Some High School,High School Graduate,Post High School Vocational Training,Some College,Associate's Degree,Bachelor's Degree,"Post Graduate Degree (Master's, Doctorate, etc.)"
FALSE,edstatus,Pre_CollegeOnly_v3,,13,"If you are NOT taking this course through a college or university, please skip the remaining questions and&nbsp;click the SUBMIT button&nbsp;to the right. Otherwise, please complete this last page of questions.
Which of the following describes you?",learnosity-activity,mcq,Student Survey (REQUIRED),Getting Started (Don't Skip This Part),Pre_Survey_1223,b533cd94-fda0-4125-92fb-61dc1976e064,release/v5.6.1,College / Advanced Statistics with R (ABCD),experiment/exp-test/A/release-5-6-1,I am a student at a community college.,I am a student at a four-year college/university and transferred from a community college.,I am a student at a four-year college/university and began here as a freshman.,None of the above,,,,,
TRUE,exp_pulse10,Pulse_c1,1,,I am confident in what I have learned in the previous chapter.,learnosity,choicematrix,10.1 The Problem of Inference,Chapter 10 - The Logic of Inference,21680c60-e4a8-449a-8692-0b006039118a,ea751e20-cbd7-4774-a6ae-4267bdc3dac7,release/v5.6.1,College / Advanced Statistics with R (ABCD),experiment/exp-test/A/release-5-6-1,Strongly disagree,Disagree,Slightly disagree,Slightly agree,Agree,Strongly agree,,,
TRUE,exp_pulse11,Pulse_c2,1,,I am confident in what I have learned in the previous chapter.,learnosity,choicematrix,11.1 Moving Beyond b1,Chapter 11 - Model Comparison with F,b0035dd4-0026-4c07-ae09-c8f3b3dd0b3d,95d7b076-f71c-4bd3-9f3b-09702d97e82d,release/v5.6.1,College / Advanced Statistics with R (ABCD),experiment/exp-test/A/release-5-6-1,Strongly disagree,Disagree,Slightly disagree,Slightly agree,Agree,Strongly agree,,,
TRUE,exp_pulse12,Pulse_c3,1,,I am confident in what I have learned in the previous chapter.,learnosity,choicematrix,12.1 From Hypothesis Testing to Confidence Intervals,Chapter 12 - Parameter Estimation and Confidence Intervals,79229aab-e23d-45c3-9b22-55e42604d77c,f50886de-dfba-4893-9528-240f11dce578,release/v5.6.1,College / Advanced Statistics with R (ABCD),experiment/exp-test/A/release-5-6-1,Strongly disagree,Disagree,Slightly disagree,Slightly agree,Agree,Strongly agree,,,
TRUE,exp_pulse13,Pulse_d1,1,,I am confident in what I have learned in the previous chapter.,learnosity,choicematrix,13.1 Models with Two Explanatory Variables,Chapter 13 - Introduction to Multivariate Models,3ab5a90f-30f8-49c7-80bb-10606302b182,35059832-d884-4646-bec3-f0c5f5132219,release/v5.6.1,College / Advanced Statistics with R (ABCD),experiment/exp-test/A/release-5-6-1,Strongly disagree,Disagree,Slightly disagree,Slightly agree,Agree,Strongly agree,,,
TRUE,exp_pulse2,Pulse_a2,1,,I am confident in what I have learned in the previous chapter.,learnosity,choicematrix,2.1 Starting with a Bunch of Numbers,Chapter 2 - Understanding Data,779fff33-081b-4973-91c8-f7ad425d9afc,bdd1f737-26e7-4d6a-89f0-2ce2b1ddc145,release/v5.6.1,College / Advanced Statistics with R (ABCD),experiment/exp-test/A/release-5-6-1,Strongly disagree,Disagree,Slightly disagree,Slightly agree,Agree,Strongly agree,,,
TRUE,exp_pulse3,Pulse_a3,1,,I am confident in what I have learned in the previous chapter.,learnosity,choicematrix,3.1 The Concept of Distribution,Chapter 3 - Examining Distributions,c6a571f3-5352-4b06-9220-b7318d3bd736,cea09b1a-740f-4e7e-bf46-133635c473a8,release/v5.6.1,College / Advanced Statistics with R (ABCD),experiment/exp-test/A/release-5-6-1,Strongly disagree,Disagree,Slightly disagree,Slightly agree,Agree,Strongly agree,,,
TRUE,exp_pulse4,Pulse_a4,1,,I am confident in what I have learned in the previous chapter.,learnosity,choicematrix,4.1 Outcome and Explanatory Variables,Chapter 4 - Explaining Variation,87c64df6-8a0a-4617-96be-cd7c06d8c5c6,3e7981ed-5c59-445e-854f-adf71448feb1,release/v5.6.1,College / Advanced Statistics with R (ABCD),experiment/exp-test/A/release-5-6-1,Strongly disagree,Disagree,Slightly disagree,Slightly agree,Agree,Strongly agree,,,
TRUE,exp_pulse5,Pulse_b1,1,,I am confident in what I have learned in the previous chapter.,learnosity,choicematrix,"5.1 What is a Model, and Why Would We Want One?",Chapter 5 - A Simple Model,fad48150-4175-4b27-8747-90d2f3f4e5b8,98766f0f-e862-4eb6-b12d-c0e169626a61,release/v5.6.1,College / Advanced Statistics with R (ABCD),experiment/exp-test/A/release-5-6-1,Strongly disagree,Disagree,Slightly disagree,Slightly agree,Agree,Strongly agree,,,
TRUE,exp_pulse6,Pulse_b2,1,,I am confident in what I have learned in the previous chapter.,learnosity,choicematrix,6.1 Quantifying Total Error Around a Model,Chapter 6 - Quantifying Error,26d3e308-69c2-4780-8dd9-2870335587e6,71fb02f1-c5e0-427b-bf3d-32d47705faaa,release/v5.6.1,College / Advanced Statistics with R (ABCD),experiment/exp-test/A/release-5-6-1,Strongly disagree,Disagree,Slightly disagree,Slightly agree,Agree,Strongly agree,,,
TRUE,exp_pulse7,Pulse_b3,1,,I am confident in what I have learned in the previous chapter.,learnosity,choicematrix,7.1 Explaining Variation,Chapter 7 - Adding an Explanatory Variable to the Model,8574b284-4887-4d03-b876-98c5807cb493,f73b3eaf-4746-4400-9958-bd3f97869fce,release/v5.6.1,College / Advanced Statistics with R (ABCD),experiment/exp-test/A/release-5-6-1,Strongly disagree,Disagree,Slightly disagree,Slightly agree,Agree,Strongly agree,,,
TRUE,exp_pulse8,Pulse_b4,1,,I am confident in what I have learned in the previous chapter.,learnosity,choicematrix,8.1 Extending to a Three-Group Model,Chapter 8 - Digging Deeper into Group Models,fb9963ef-56db-47ea-a414-96d01f46e81c,70f6f75b-feaf-4c07-8d4f-76bb84e98a54,release/v5.6.1,College / Advanced Statistics with R (ABCD),experiment/exp-test/A/release-5-6-1,Strongly disagree,Disagree,Slightly disagree,Slightly agree,Agree,Strongly agree,,,
TRUE,exp_pulse9,Pulse_b5,1,,I am confident in what I have learned in the previous chapter.,learnosity,choicematrix,9.1 Using a Quantitative Explanatory Variable in a Model,Chapter 9 - Models with a Quantitative Explanatory Variable,cf89b8a8-a51a-4744-bec0-a5856f5fd792,689e1f6e-b658-46ec-b2a7-55c62d8768f9,release/v5.6.1,College / Advanced Statistics with R (ABCD),experiment/exp-test/A/release-5-6-1,Strongly disagree,Disagree,Slightly disagree,Slightly agree,Agree,Strongly agree,,,
TRUE,exp1_1,Pre_EVC,1,,I am confident I can learn the material in this class.,learnosity-activity,choicematrix,Student Survey (REQUIRED),Getting Started (Don't Skip This Part),Pre_Survey_1223,3cb11c42-79d2-4d66-9b1f-c7414088fb70,release/v5.6.1,College / Advanced Statistics with R (ABCD),experiment/exp-test/A/release-5-6-1,Strongly disagree,Disagree,Slightly disagree,Slightly agree,Agree,Strongly agree,,,
TRUE,exp1_4,Post_EVC,1,1,I am confident I can learn the material in this class.,learnosity-activity,choicematrix,End of Course Survey (Required),Finishing Up (Don't Skip This Part!),Post_Survey_1223,96406e57-9e35-43fa-8655-a5875e956bff,release/v5.6.1,College / Advanced Statistics with R (ABCD),experiment/exp-test/A/release-5-6-1,Strongly disagree,Disagree,Slightly disagree,Slightly agree,Agree,Strongly agree,,,
TRUE,exp2_1,Pre_EVC,2,,I expect to do well in this class.,learnosity-activity,choicematrix,Student Survey (REQUIRED),Getting Started (Don't Skip This Part),Pre_Survey_1223,3cb11c42-79d2-4d66-9b1f-c7414088fb70,release/v5.6.1,College / Advanced Statistics with R (ABCD),experiment/exp-test/A/release-5-6-1,Strongly disagree,Disagree,Slightly disagree,Slightly agree,Agree,Strongly agree,,,
TRUE,exp2_2,Mid1_EVC,1,,I expect to do well in this class.,learnosity-activity,choicematrix,4.13 Quantifying the Data Generating Process,Chapter 4 - Explaining Variation,Mid1_Survey_0624,8cfcad51-59b7-4ae3-a7c4-e4f5cafdc37a,release/v5.6.1,College / Advanced Statistics with R (ABCD),experiment/exp-test/A/release-5-6-1,Strongly disagree,Disagree,Slightly disagree,Slightly agree,Agree,Strongly agree,,,
TRUE,exp2_3,Mid2_EVC,1,,I expect to do well in this class.,learnosity-activity,choicematrix,9.11 Limitations to Keep in Mind,Chapter 9 - Models with a Quantitative Explanatory Variable,Mid2_Survey_0624,d1815d15-b352-45b2-9f03-abe687917406,release/v5.6.1,College / Advanced Statistics with R (ABCD),experiment/exp-test/A/release-5-6-1,Strongly disagree,Disagree,Slightly disagree,Slightly agree,Agree,Strongly agree,,,
TRUE,exp2_4,Post_EVC,2,1,I expect to do well in this class.,learnosity-activity,choicematrix,End of Course Survey (Required),Finishing Up (Don't Skip This Part!),Post_Survey_1223,96406e57-9e35-43fa-8655-a5875e956bff,release/v5.6.1,College / Advanced Statistics with R (ABCD),experiment/exp-test/A/release-5-6-1,Strongly disagree,Disagree,Slightly disagree,Slightly agree,Agree,Strongly agree,,,
TRUE,f1_1,Pre_Survey_1223,2,4,"I look forward to learning more about math, statistics, or data science.",learnosity-activity,choicematrix,Student Survey (REQUIRED),Getting Started (Don't Skip This Part),Pre_Survey_1223,8048858f-6224-4fc6-9c5a-fc3122f1f8d9,release/v5.6.1,College / Advanced Statistics with R (ABCD),experiment/exp-test/A/release-5-6-1,Strongly disagree,Disagree,Slightly disagree,Slightly agree,Agree,Strongly agree,,,
TRUE,f1_2,Mid1_Survey_1223,1,,"I look forward to learning more about math, statistics, or data science.",learnosity-activity,choicematrix,4.13 Quantifying the Data Generating Process,Chapter 4 - Explaining Variation,Mid1_Survey_0624,00a40668-f5bc-4f1a-bdd4-172d1d3b57f9,release/v5.6.1,College / Advanced Statistics with R (ABCD),experiment/exp-test/A/release-5-6-1,Strongly disagree,Disagree,Slightly disagree,Slightly agree,Agree,Strongly agree,,,
TRUE,f1_3,Mid2_Survey_1223,1,4,"I look forward to learning more about math, statistics, or data science.",learnosity-activity,choicematrix,9.11 Limitations to Keep in Mind,Chapter 9 - Models with a Quantitative Explanatory Variable,Mid2_Survey_0624,df38737d-d704-437e-bef9-e622c102974b,release/v5.6.1,College / Advanced Statistics with R (ABCD),experiment/exp-test/A/release-5-6-1,Strongly disagree,Disagree,Slightly disagree,Slightly agree,Agree,Strongly agree,,,
TRUE,f1_4,Post_Survey_1223,1,5,"I look forward to learning more about math, statistics, or data science.",learnosity-activity,choicematrix,End of Course Survey (Required),Finishing Up (Don't Skip This Part!),Post_Survey_1223,aafdcb0d-83cc-4260-a86a-6e86ee36c4cc,release/v5.6.1,College / Advanced Statistics with R (ABCD),experiment/exp-test/A/release-5-6-1,Strongly disagree,Disagree,Slightly disagree,Slightly agree,Agree,Strongly agree,,,
TRUE,f2_1,Pre_Survey_1223,3,4,"I want to take more math, statistics, or data science classes in the future.",learnosity-activity,choicematrix,Student Survey (REQUIRED),Getting Started (Don't Skip This Part),Pre_Survey_1223,8048858f-6224-4fc6-9c5a-fc3122f1f8d9,release/v5.6.1,College / Advanced Statistics with R (ABCD),experiment/exp-test/A/release-5-6-1,Strongly disagree,Disagree,Slightly disagree,Slightly agree,Agree,Strongly agree,,,
TRUE,f2_2,Mid1_Survey_1223,2,,"I want to take more math, statistics, or data science classes in the future.",learnosity-activity,choicematrix,4.13 Quantifying the Data Generating Process,Chapter 4 - Explaining Variation,Mid1_Survey_0624,00a40668-f5bc-4f1a-bdd4-172d1d3b57f9,release/v5.6.1,College / Advanced Statistics with R (ABCD),experiment/exp-test/A/release-5-6-1,Strongly disagree,Disagree,Slightly disagree,Slightly agree,Agree,Strongly agree,,,
TRUE,f2_3,Mid2_Survey_1223,2,4,"I want to take more math, statistics, or data science classes in the future.",learnosity-activity,choicematrix,9.11 Limitations to Keep in Mind,Chapter 9 - Models with a Quantitative Explanatory Variable,Mid2_Survey_0624,df38737d-d704-437e-bef9-e622c102974b,release/v5.6.1,College / Advanced Statistics with R (ABCD),experiment/exp-test/A/release-5-6-1,Strongly disagree,Disagree,Slightly disagree,Slightly agree,Agree,Strongly agree,,,
TRUE,f2_4,Post_Survey_1223,2,5,"I want to take more math, statistics, or data science classes in the future.",learnosity-activity,choicematrix,End of Course Survey (Required),Finishing Up (Don't Skip This Part!),Post_Survey_1223,aafdcb0d-83cc-4260-a86a-6e86ee36c4cc,release/v5.6.1,College / Advanced Statistics with R (ABCD),experiment/exp-test/A/release-5-6-1,Strongly disagree,Disagree,Slightly disagree,Slightly agree,Agree,Strongly agree,,,
TRUE,f3_1,Pre_Survey_1223,4,4,"I would be interested in having a job someday that involved things like math, science, statistics, or data science.",learnosity-activity,choicematrix,Student Survey (REQUIRED),Getting Started (Don't Skip This Part),Pre_Survey_1223,8048858f-6224-4fc6-9c5a-fc3122f1f8d9,release/v5.6.1,College / Advanced Statistics with R (ABCD),experiment/exp-test/A/release-5-6-1,Strongly disagree,Disagree,Slightly disagree,Slightly agree,Agree,Strongly agree,,,
TRUE,f3_2,Mid1_Survey_1223,3,,"I would be interested in having a job someday that involves things like math, science, statistics, or data science.",learnosity-activity,choicematrix,4.13 Quantifying the Data Generating Process,Chapter 4 - Explaining Variation,Mid1_Survey_0624,00a40668-f5bc-4f1a-bdd4-172d1d3b57f9,release/v5.6.1,College / Advanced Statistics with R (ABCD),experiment/exp-test/A/release-5-6-1,Strongly disagree,Disagree,Slightly disagree,Slightly agree,Agree,Strongly agree,,,
TRUE,f3_3,Mid2_Survey_1223,3,4,"I would be interested in having a job someday that involves things like math, science, statistics, or data science.",learnosity-activity,choicematrix,9.11 Limitations to Keep in Mind,Chapter 9 - Models with a Quantitative Explanatory Variable,Mid2_Survey_0624,df38737d-d704-437e-bef9-e622c102974b,release/v5.6.1,College / Advanced Statistics with R (ABCD),experiment/exp-test/A/release-5-6-1,Strongly disagree,Disagree,Slightly disagree,Slightly agree,Agree,Strongly agree,,,
TRUE,f3_4,Post_Survey_1223,3,5,"I would be interested in having a job someday that involved things like math, science, statistics, or data science.",learnosity-activity,choicematrix,End of Course Survey (Required),Finishing Up (Don't Skip This Part!),Post_Survey_1223,aafdcb0d-83cc-4260-a86a-6e86ee36c4cc,release/v5.6.1,College / Advanced Statistics with R (ABCD),experiment/exp-test/A/release-5-6-1,Strongly disagree,Disagree,Slightly disagree,Slightly agree,Agree,Strongly agree,,,
FALSE,finances,Pre_CollegeOnly_v3,,16,"During the past school year, how much have you been concerned about your finances?",learnosity-activity,mcq,Student Survey (REQUIRED),Getting Started (Don't Skip This Part),Pre_Survey_1223,cbe2ff86-570d-4cb0-96dc-50214c93390a,release/v5.6.1,College / Advanced Statistics with R (ABCD),experiment/exp-test/A/release-5-6-1,Not at all concerned,Minimally concerned,Somewhat concerned,Moderately concerned,Very concerned,,,,
FALSE,gender,Pre_StudBack1_v2,,5,"Now just a few demographic questions. Your answers to these questions, as with all your answers on this survey, are kept confidential. Although we hope that you'll respond, you may skip questions you do not wish to answer.What best describes your gender?</p>",learnosity-activity,mcq,Student Survey (REQUIRED),Getting Started (Don't Skip This Part),Pre_Survey_1223,2d31ffac-d03d-42f9-9bcb-c17401e7f5fe,release/v5.6.1,College / Advanced Statistics with R (ABCD),experiment/exp-test/A/release-5-6-1,Male,Female,Non-binary,Prefer to self-describe,,,,,
FALSE,gender2,Pre_StudBack1_v2,,6,"If you indicated that you prefer to self-describe your gender, how do you describe yourself?",learnosity-activity,plaintext,Student Survey (REQUIRED),Getting Started (Don't Skip This Part),Pre_Survey_1223,68decb3d-b22a-45de-a0fe-b0ff05cec14f,release/v5.6.1,College / Advanced Statistics with R (ABCD),experiment/exp-test/A/release-5-6-1,,,,,,,,,
FALSE,gpa,Pre_StudBack2_v2,,11,"What is your cumulative GPA at this school, on a four-point scale? For instance, if you have a B average, indicate ""3.0"". If you're new to this school and don't yet have a GPA, indicate ""99""",learnosity-activity,shorttext,Student Survey (REQUIRED),Getting Started (Don't Skip This Part),Pre_Survey_1223,ff5b773e-54f4-4cc3-80a4-734cd81daf2b,release/v5.6.1,College / Advanced Statistics with R (ABCD),experiment/exp-test/A/release-5-6-1,,,,,,,,,
FALSE,hs_country,Pre_CollegeOnly_v3,,15,"If you did not graduate high school in the U.S., in what country did you graduate high school?",learnosity-activity,shorttext,Student Survey (REQUIRED),Getting Started (Don't Skip This Part),Pre_Survey_1223,7f04a03a-9f9e-4621-b732-636c292f452a,release/v5.6.1,College / Advanced Statistics with R (ABCD),experiment/exp-test/A/release-5-6-1,,,,,,,,,
FALSE,hs_usa,Pre_CollegeOnly_v3,,14,Did you graduate high school in the U.S.?,learnosity-activity,mcq,Student Survey (REQUIRED),Getting Started (Don't Skip This Part),Pre_Survey_1223,d62ca872-9ec2-462a-9dec-e39a1cfb4fcc,release/v5.6.1,College / Advanced Statistics with R (ABCD),experiment/exp-test/A/release-5-6-1,Yes,No,,,,,,,
TRUE,identity_1,Pre_Survey_1223,5,4,I see myself as a statistics person.,learnosity-activity,choicematrix,Student Survey (REQUIRED),Getting Started (Don't Skip This Part),Pre_Survey_1223,8048858f-6224-4fc6-9c5a-fc3122f1f8d9,release/v5.6.1,College / Advanced Statistics with R (ABCD),experiment/exp-test/A/release-5-6-1,Strongly disagree,Disagree,Slightly disagree,Slightly agree,Agree,Strongly agree,,,
TRUE,identity_4,Post_Survey_1223,4,5,I see myself as a statistics person.,learnosity-activity,choicematrix,End of Course Survey (Required),Finishing Up (Don't Skip This Part!),Post_Survey_1223,aafdcb0d-83cc-4260-a86a-6e86ee36c4cc,release/v5.6.1,College / Advanced Statistics with R (ABCD),experiment/exp-test/A/release-5-6-1,Strongly disagree,Disagree,Slightly disagree,Slightly agree,Agree,Strongly agree,,,
TRUE,im1_2,Mid1_Survey_1223,5,,"My instructor seems to believe that students have a certain amount of statistics ability, and they really can't do much to change it.",learnosity-activity,choicematrix,4.13 Quantifying the Data Generating Process,Chapter 4 - Explaining Variation,Mid1_Survey_0624,00a40668-f5bc-4f1a-bdd4-172d1d3b57f9,release/v5.6.1,College / Advanced Statistics with R (ABCD),experiment/exp-test/A/release-5-6-1,Strongly disagree,Disagree,Slightly disagree,Slightly agree,Agree,Strongly agree,,,
TRUE,im1_4,Post_Survey_1223,9,5,"My instructor seems to believe that students have a certain amount of intelligence, and they really can't do much to change it.",learnosity-activity,choicematrix,End of Course Survey (Required),Finishing Up (Don't Skip This Part!),Post_Survey_1223,aafdcb0d-83cc-4260-a86a-6e86ee36c4cc,release/v5.6.1,College / Advanced Statistics with R (ABCD),experiment/exp-test/A/release-5-6-1,Strongly disagree,Disagree,Slightly disagree,Slightly agree,Agree,Strongly agree,,,
TRUE,im2_2,Mid1_Survey_1223,6,,"My instructor seems to believe that students can learn new things, but they can't really change their statistics ability.",learnosity-activity,choicematrix,4.13 Quantifying the Data Generating Process,Chapter 4 - Explaining Variation,Mid1_Survey_0624,00a40668-f5bc-4f1a-bdd4-172d1d3b57f9,release/v5.6.1,College / Advanced Statistics with R (ABCD),experiment/exp-test/A/release-5-6-1,Strongly disagree,Disagree,Slightly disagree,Slightly agree,Agree,Strongly agree,,,
TRUE,im2_4,Post_Survey_1223,10,5,"My instructor seems to believe that students can learn new things, but they can't really change their basic intelligence.",learnosity-activity,choicematrix,End of Course Survey (Required),Finishing Up (Don't Skip This Part!),Post_Survey_1223,aafdcb0d-83cc-4260-a86a-6e86ee36c4cc,release/v5.6.1,College / Advanced Statistics with R (ABCD),experiment/exp-test/A/release-5-6-1,Strongly disagree,Disagree,Slightly disagree,Slightly agree,Agree,Strongly agree,,,
FALSE,interest_open_t2,Mid1_Interest_0624,,6,We'd like to incorporate your interests and ideas into future class activities. Is there a topic you'd like to explore further using data?,learnosity-activity,plaintext,4.13 Quantifying the Data Generating Process,Chapter 4 - Explaining Variation,Mid1_Survey_0624,9fef402f-47ed-4a24-9aa5-473fe61b4bae,release/v5.6.1,College / Advanced Statistics with R (ABCD),experiment/exp-test/A/release-5-6-1,,,,,,,,,
FALSE,interest_open_t3,Mid2_Interest_0624,,6,We'd like to incorporate your interests and ideas into future class activities. Is there a topic you'd like to explore further using data?,learnosity-activity,plaintext,9.11 Limitations to Keep in Mind,Chapter 9 - Models with a Quantitative Explanatory Variable,Mid2_Survey_0624,ba20dadc-29e8-4ecb-86e0-eb80e9e0ebd5,release/v5.6.1,College / Advanced Statistics with R (ABCD),experiment/exp-test/A/release-5-6-1,,,,,,,,,
TRUE,iv1_1,Pre_EVC,5,,I think this class will be interesting.,learnosity-activity,choicematrix,Student Survey (REQUIRED),Getting Started (Don't Skip This Part),Pre_Survey_1223,3cb11c42-79d2-4d66-9b1f-c7414088fb70,release/v5.6.1,College / Advanced Statistics with R (ABCD),experiment/exp-test/A/release-5-6-1,Strongly disagree,Disagree,Slightly disagree,Slightly agree,Agree,Strongly agree,,,
TRUE,iv1_2,Mid1_EVC,4,,My statistics ability is something about me that I can't change very much..,learnosity-activity,choicematrix,4.13 Quantifying the Data Generating Process,Chapter 4 - Explaining Variation,Mid1_Survey_0624,8cfcad51-59b7-4ae3-a7c4-e4f5cafdc37a,release/v5.6.1,College / Advanced Statistics with R (ABCD),experiment/exp-test/A/release-5-6-1,Strongly disagree,Disagree,Slightly disagree,Slightly agree,Agree,Strongly agree,,,
TRUE,iv1_3,Mid2_EVC,4,,I think this class is interesting,learnosity-activity,choicematrix,9.11 Limitations to Keep in Mind,Chapter 9 - Models with a Quantitative Explanatory Variable,Mid2_Survey_0624,d1815d15-b352-45b2-9f03-abe687917406,release/v5.6.1,College / Advanced Statistics with R (ABCD),experiment/exp-test/A/release-5-6-1,Strongly disagree,Disagree,Slightly disagree,Slightly agree,Agree,Strongly agree,,,
TRUE,iv1_4,Post_EVC,5,1,I think this class is interesting.,learnosity-activity,choicematrix,End of Course Survey (Required),Finishing Up (Don't Skip This Part!),Post_Survey_1223,96406e57-9e35-43fa-8655-a5875e956bff,release/v5.6.1,College / Advanced Statistics with R (ABCD),experiment/exp-test/A/release-5-6-1,Strongly disagree,Disagree,Slightly disagree,Slightly agree,Agree,Strongly agree,,,
TRUE,iv2_1,Pre_EVC,6,,I will like this class.,learnosity-activity,choicematrix,Student Survey (REQUIRED),Getting Started (Don't Skip This Part),Pre_Survey_1223,3cb11c42-79d2-4d66-9b1f-c7414088fb70,release/v5.6.1,College / Advanced Statistics with R (ABCD),experiment/exp-test/A/release-5-6-1,Strongly disagree,Disagree,Slightly disagree,Slightly agree,Agree,Strongly agree,,,
TRUE,iv2_2,Mid1_EVC,5,,I like this class.,learnosity-activity,choicematrix,4.13 Quantifying the Data Generating Process,Chapter 4 - Explaining Variation,Mid1_Survey_0624,8cfcad51-59b7-4ae3-a7c4-e4f5cafdc37a,release/v5.6.1,College / Advanced Statistics with R (ABCD),experiment/exp-test/A/release-5-6-1,Strongly disagree,Disagree,Slightly disagree,Slightly agree,Agree,Strongly agree,,,
TRUE,iv2_3,Mid2_EVC,5,,I like this class.,learnosity-activity,choicematrix,9.11 Limitations to Keep in Mind,Chapter 9 - Models with a Quantitative Explanatory Variable,Mid2_Survey_0624,d1815d15-b352-45b2-9f03-abe687917406,release/v5.6.1,College / Advanced Statistics with R (ABCD),experiment/exp-test/A/release-5-6-1,Strongly disagree,Disagree,Slightly disagree,Slightly agree,Agree,Strongly agree,,,
TRUE,iv2_4,Post_EVC,6,1,I like this class.,learnosity-activity,choicematrix,End of Course Survey (Required),Finishing Up (Don't Skip This Part!),Post_Survey_1223,96406e57-9e35-43fa-8655-a5875e956bff,release/v5.6.1,College / Advanced Statistics with R (ABCD),experiment/exp-test/A/release-5-6-1,Strongly disagree,Disagree,Slightly disagree,Slightly agree,Agree,Strongly agree,,,
FALSE,learning_open_t2,Mid1_Learning_0624,,5,"Was there an activity, lesson, or data set from your class thus far that helped you learn? If so, tell us about it.",learnosity-activity,plaintext,4.13 Quantifying the Data Generating Process,Chapter 4 - Explaining Variation,Mid1_Survey_0624,f5d67c54-41f3-4955-9545-e777faa462c3,release/v5.6.1,College / Advanced Statistics with R (ABCD),experiment/exp-test/A/release-5-6-1,,,,,,,,,
FALSE,learning_open_t3,Mid2_Learning_0624,,5,"Was there an activity, lesson, or data set from your class thus far that helped you learn? If so, tell us about it.",learnosity-activity,plaintext,9.11 Limitations to Keep in Mind,Chapter 9 - Models with a Quantitative Explanatory Variable,Mid2_Survey_0624,4f578870-fce0-4b53-aac2-00ae4e43354b,release/v5.6.1,College / Advanced Statistics with R (ABCD),experiment/exp-test/A/release-5-6-1,,,,,,,,,
FALSE,ma_perf,Pre_CollegeOnly_v3,,19,How well have you done in mathematics courses you have taken in the past?,learnosity-activity,mcq,Student Survey (REQUIRED),Getting Started (Don't Skip This Part),Pre_Survey_1223,4d7a1e15-7a68-4eb8-ad90-3a608eda0ba2,release/v5.6.1,College / Advanced Statistics with R (ABCD),experiment/exp-test/A/release-5-6-1,Not at all well,Slightly well,Moderately well,Very well,Extremely well,,,,
TRUE,ma_prep_ap_calc_college,Pre_CollegeOnly_v3,2,18,Which of the following courses have you successfully completed? (Check all that apply),learnosity-activity,mcq,Student Survey (REQUIRED),Getting Started (Don't Skip This Part),Pre_Survey_1223,eb6fe3cf-0715-4b19-be06-12aeb54a2e5a,,Calculus in college,,,,,,,,,,
TRUE,ma_prep_ap_calc_hs,Pre_CollegeOnly_v3,1,18,Which of the following courses have you successfully completed? (Check all that apply),learnosity-activity,mcq,Student Survey (REQUIRED),Getting Started (Don't Skip This Part),Pre_Survey_1223,eb6fe3cf-0715-4b19-be06-12aeb54a2e5a,AP Calculus in high school,,,,,,,,,,,
TRUE,ma_prep_ap_stats_hs,Pre_CollegeOnly_v3,3,18,Which of the following courses have you successfully completed? (Check all that apply),learnosity-activity,mcq,Student Survey (REQUIRED),Getting Started (Don't Skip This Part),Pre_Survey_1223,eb6fe3cf-0715-4b19-be06-12aeb54a2e5a,,,AP Statistics in high school,,,,,,,,,
TRUE,ma_prep_diff_stats_course,Pre_CollegeOnly_v3,4,18,Which of the following courses have you successfully completed? (Check all that apply),learnosity-activity,mcq,Student Survey (REQUIRED),Getting Started (Don't Skip This Part),Pre_Survey_1223,eb6fe3cf-0715-4b19-be06-12aeb54a2e5a,,,,A different statistics course (besides this one) in college,,,,,,,,
FALSE,major,Pre_CollegeOnly_v3,,17,What is your major?,learnosity-activity,shorttext,Student Survey (REQUIRED),Getting Started (Don't Skip This Part),Pre_Survey_1223,2f484a95-6980-48d1-acd7-69e6911bbb8b,release/v5.6.1,College / Advanced Statistics with R (ABCD),experiment/exp-test/A/release-5-6-1,,,,,,,,,
TRUE,iv_pulse10,Pulse_c1,3,,I think the previous chapter was interesting.,learnosity,choicematrix,10.1 The Problem of Inference,Chapter 10 - The Logic of Inference,21680c60-e4a8-449a-8692-0b006039118a,ea751e20-cbd7-4774-a6ae-4267bdc3dac7,release/v5.6.1,College / Advanced Statistics with R (ABCD),experiment/exp-test/A/release-5-6-1,Strongly disagree,Disagree,Slightly disagree,Slightly agree,Agree,Strongly agree,,,
TRUE,iv_pulse11,Pulse_c2,3,,I think the previous chapter was interesting.,learnosity,choicematrix,11.1 Moving Beyond b1,Chapter 11 - Model Comparison with F,b0035dd4-0026-4c07-ae09-c8f3b3dd0b3d,95d7b076-f71c-4bd3-9f3b-09702d97e82d,release/v5.6.1,College / Advanced Statistics with R (ABCD),experiment/exp-test/A/release-5-6-1,Strongly disagree,Disagree,Slightly disagree,Slightly agree,Agree,Strongly agree,,,
TRUE,iv_pulse12,Pulse_c3,3,,I think the previous chapter was interesting.,learnosity,choicematrix,12.1 From Hypothesis Testing to Confidence Intervals,Chapter 12 - Parameter Estimation and Confidence Intervals,79229aab-e23d-45c3-9b22-55e42604d77c,f50886de-dfba-4893-9528-240f11dce578,release/v5.6.1,College / Advanced Statistics with R (ABCD),experiment/exp-test/A/release-5-6-1,Strongly disagree,Disagree,Slightly disagree,Slightly agree,Agree,Strongly agree,,,
TRUE,iv_pulse13,Pulse_d1,3,,I think the previous chapter was interesting.,learnosity,choicematrix,13.1 Models with Two Explanatory Variables,Chapter 13 - Introduction to Multivariate Models,3ab5a90f-30f8-49c7-80bb-10606302b182,35059832-d884-4646-bec3-f0c5f5132219,release/v5.6.1,College / Advanced Statistics with R (ABCD),experiment/exp-test/A/release-5-6-1,Strongly disagree,Disagree,Slightly disagree,Slightly agree,Agree,Strongly agree,,,
TRUE,iv_pulse2,Pulse_a2,3,,I think the previous chapter was interesting.,learnosity,choicematrix,2.1 Starting with a Bunch of Numbers,Chapter 2 - Understanding Data,779fff33-081b-4973-91c8-f7ad425d9afc,bdd1f737-26e7-4d6a-89f0-2ce2b1ddc145,release/v5.6.1,College / Advanced Statistics with R (ABCD),experiment/exp-test/A/release-5-6-1,Strongly disagree,Disagree,Slightly disagree,Slightly agree,Agree,Strongly agree,,,
TRUE,iv_pulse3,Pulse_a3,3,,I think the previous chapter was interesting.,learnosity,choicematrix,3.1 The Concept of Distribution,Chapter 3 - Examining Distributions,c6a571f3-5352-4b06-9220-b7318d3bd736,cea09b1a-740f-4e7e-bf46-133635c473a8,release/v5.6.1,College / Advanced Statistics with R (ABCD),experiment/exp-test/A/release-5-6-1,Strongly disagree,Disagree,Slightly disagree,Slightly agree,Agree,Strongly agree,,,
TRUE,iv_pulse4,Pulse_a4,3,,I think the previous chapter was interesting.,learnosity,choicematrix,4.1 Outcome and Explanatory Variables,Chapter 4 - Explaining Variation,87c64df6-8a0a-4617-96be-cd7c06d8c5c6,3e7981ed-5c59-445e-854f-adf71448feb1,release/v5.6.1,College / Advanced Statistics with R (ABCD),experiment/exp-test/A/release-5-6-1,Strongly disagree,Disagree,Slightly disagree,Slightly agree,Agree,Strongly agree,,,
TRUE,iv_pulse5,Pulse_b1,3,,I think the previous chapter was interesting.,learnosity,choicematrix,"5.1 What is a Model, and Why Would We Want One?",Chapter 5 - A Simple Model,fad48150-4175-4b27-8747-90d2f3f4e5b8,98766f0f-e862-4eb6-b12d-c0e169626a61,release/v5.6.1,College / Advanced Statistics with R (ABCD),experiment/exp-test/A/release-5-6-1,Strongly disagree,Disagree,Slightly disagree,Slightly agree,Agree,Strongly agree,,,
TRUE,iv_pulse6,Pulse_b2,3,,I think the previous chapter was interesting.,learnosity,choicematrix,6.1 Quantifying Total Error Around a Model,Chapter 6 - Quantifying Error,26d3e308-69c2-4780-8dd9-2870335587e6,71fb02f1-c5e0-427b-bf3d-32d47705faaa,release/v5.6.1,College / Advanced Statistics with R (ABCD),experiment/exp-test/A/release-5-6-1,Strongly disagree,Disagree,Slightly disagree,Slightly agree,Agree,Strongly agree,,,
TRUE,iv_pulse7,Pulse_b3,3,,I think the previous chapter was interesting.,learnosity,choicematrix,7.1 Explaining Variation,Chapter 7 - Adding an Explanatory Variable to the Model,8574b284-4887-4d03-b876-98c5807cb493,f73b3eaf-4746-4400-9958-bd3f97869fce,release/v5.6.1,College / Advanced Statistics with R (ABCD),experiment/exp-test/A/release-5-6-1,Strongly disagree,Disagree,Slightly disagree,Slightly agree,Agree,Strongly agree,,,
TRUE,iv_pulse8,Pulse_b4,3,,I think the previous chapter was interesting.,learnosity,choicematrix,8.1 Extending to a Three-Group Model,Chapter 8 - Digging Deeper into Group Models,fb9963ef-56db-47ea-a414-96d01f46e81c,70f6f75b-feaf-4c07-8d4f-76bb84e98a54,release/v5.6.1,College / Advanced Statistics with R (ABCD),experiment/exp-test/A/release-5-6-1,Strongly disagree,Disagree,Slightly disagree,Slightly agree,Agree,Strongly agree,,,
TRUE,iv_pulse9,Pulse_b5,3,,I think the previous chapter was interesting.,learnosity,choicematrix,9.1 Using a Quantitative Explanatory Variable in a Model,Chapter 9 - Models with a Quantitative Explanatory Variable,cf89b8a8-a51a-4744-bec0-a5856f5fd792,689e1f6e-b658-46ec-b2a7-55c62d8768f9,release/v5.6.1,College / Advanced Statistics with R (ABCD),experiment/exp-test/A/release-5-6-1,Strongly disagree,Disagree,Slightly disagree,Slightly agree,Agree,Strongly agree,,,
TRUE,ms1_1,Pre_Survey_1223,8,4,"You can learn new things, but you can't really change your basic statistics ability.",learnosity-activity,choicematrix,Student Survey (REQUIRED),Getting Started (Don't Skip This Part),Pre_Survey_1223,8048858f-6224-4fc6-9c5a-fc3122f1f8d9,release/v5.6.1,College / Advanced Statistics with R (ABCD),experiment/exp-test/A/release-5-6-1,Strongly disagree,Disagree,Slightly disagree,Slightly agree,Agree,Strongly agree,,,
TRUE,ms1_2,Mid1_Survey_1223,4,,"You can learn new things, but you can't really change your basic statistics ability.",learnosity-activity,choicematrix,4.13 Quantifying the Data Generating Process,Chapter 4 - Explaining Variation,Mid1_Survey_0624,00a40668-f5bc-4f1a-bdd4-172d1d3b57f9,release/v5.6.1,College / Advanced Statistics with R (ABCD),experiment/exp-test/A/release-5-6-1,Strongly disagree,Disagree,Slightly disagree,Slightly agree,Agree,Strongly agree,,,
TRUE,ms1_3,Mid2_Survey_1223,4,4,"You can learn new things, but you can't really change your basic math ability.",learnosity-activity,choicematrix,9.11 Limitations to Keep in Mind,Chapter 9 - Models with a Quantitative Explanatory Variable,Mid2_Survey_0624,df38737d-d704-437e-bef9-e622c102974b,release/v5.6.1,College / Advanced Statistics with R (ABCD),experiment/exp-test/A/release-5-6-1,Strongly disagree,Disagree,Slightly disagree,Slightly agree,Agree,Strongly agree,,,
TRUE,ms1_4,Post_Survey_1223,7,5,"You can learn new things, but you can't really change your basic math ability.",learnosity-activity,choicematrix,End of Course Survey (Required),Finishing Up (Don't Skip This Part!),Post_Survey_1223,aafdcb0d-83cc-4260-a86a-6e86ee36c4cc,release/v5.6.1,College / Advanced Statistics with R (ABCD),experiment/exp-test/A/release-5-6-1,Strongly disagree,Disagree,Slightly disagree,Slightly agree,Agree,Strongly agree,,,
TRUE,ms2_1,Pre_Survey_1223,9,4,My statistics ability is something about me that I can't change much.,learnosity-activity,choicematrix,Student Survey (REQUIRED),Getting Started (Don't Skip This Part),Pre_Survey_1223,8048858f-6224-4fc6-9c5a-fc3122f1f8d9,release/v5.6.1,College / Advanced Statistics with R (ABCD),experiment/exp-test/A/release-5-6-1,Strongly disagree,Disagree,Slightly disagree,Slightly agree,Agree,Strongly agree,,,
TRUE,ms2_4,Post_Survey_1223,8,5,My math ability is something about me that I can't change much.,learnosity-activity,choicematrix,End of Course Survey (Required),Finishing Up (Don't Skip This Part!),Post_Survey_1223,aafdcb0d-83cc-4260-a86a-6e86ee36c4cc,release/v5.6.1,College / Advanced Statistics with R (ABCD),experiment/exp-test/A/release-5-6-1,Strongly disagree,Disagree,Slightly disagree,Slightly agree,Agree,Strongly agree,,,
FALSE,obst_4,Post_Survey_1223,,6,"What, if anything, made it hard to succeed in this class?",learnosity-activity,plaintext,End of Course Survey (Required),Finishing Up (Don't Skip This Part!),Post_Survey_1223,a6c53aa0-a48d-46d0-806a-e0779a775056,release/v5.6.1,College / Advanced Statistics with R (ABCD),experiment/exp-test/A/release-5-6-1,,,,,,,,,
FALSE,race1,Pre_StudBack1_v2,,7,"Which of the following categories describe you? If you'd like to use more than one category or if you'd like to use a category not provided, please select ""prefer to self-describe"" and answer the next question.",learnosity-activity,mcq,Student Survey (REQUIRED),Getting Started (Don't Skip This Part),Pre_Survey_1223,a854c877-ef97-4ae2-a932-be82fc0eae87,release/v5.6.1,College / Advanced Statistics with R (ABCD),experiment/exp-test/A/release-5-6-1,"<strong>American Indian or Alaska Native</strong> (Examples include Navajo Nation, Blackfeet Tribe, Mayan, Aztec, Nome Eskimo Community, etc)","<strong>Asian or Asian Am.</strong> (Examples include Asian American, Chinese, Fillipino, Asian Indian, Vietnamese, Korean, etc.)","<strong>Black or African Am.</strong> (Examples include African American, Jamaican, Haitian, Nigerian, Ethiopian, Somalian, etc.)","<strong>Hispanic, Latino, or Spanish Origin</strong> (Examples include Mexican or Mexican American, Puerto Rican, Cuban, Salvadorian, Dominican, Columbian, etc.)","<strong>Middle Eastern or North African</strong> (Examples include Lebanese, Iranian, Egyptian, Syrian, Moroccan, Algerian, etc.)","<strong>Native Hawaiian or Pacific Islander</strong> (Examples include Native Hawaiian, Samoan, Chamorro, Tongan, Fijian, Marshalese, etc)","<strong>White</strong> (Examples include German, Irish, English, French, Norwegian, etc.)","Prefer to self-describe my race, ethnicity, or national origin",
FALSE,race2,Pre_StudBack1_v2,,8,"If you prefer to self-describe your race, identity, or national origin, how do you describe yourself?",learnosity-activity,plaintext,Student Survey (REQUIRED),Getting Started (Don't Skip This Part),Pre_Survey_1223,494bd408-3576-4d03-9f75-73a917715312,release/v5.6.1,College / Advanced Statistics with R (ABCD),experiment/exp-test/A/release-5-6-1,,,,,,,,,
FALSE,sent_pro_1,Pre_Survey_1223,,2,"In this class, you will use R (a programming language) to analyze data. How do you feel about this?",learnosity-activity,choicematrix,Student Survey (REQUIRED),Getting Started (Don't Skip This Part),Pre_Survey_1223,ac001cdb-123c-4adf-a2be-bfb5be51e673,release/v5.6.1,College / Advanced Statistics with R (ABCD),experiment/exp-test/A/release-5-6-1,Strongly negative,Negative,Somewhat negative	,Somewhat positive	,Positive,Strongly Positive,,,
FALSE,sent_pro_2,Mid1_Survey_0624,,2,"In this class, you are using R to analyze data. How do you feel about this?",learnosity-activity,choicematrix,4.13 Quantifying the Data Generating Process,Chapter 4 - Explaining Variation,Mid1_Survey_0624,ffc38f10-3431-44de-9b0a-2479fdbf1c5a,release/v5.6.1,College / Advanced Statistics with R (ABCD),experiment/exp-test/A/release-5-6-1,Strongly negative,Negative,Somewhat negative	,Somewhat positive	,Positive,Strongly Positive,,,
FALSE,sent_pro_3,Mid2_Survey_0624,,2,"In this class, you are using R to analyze data. How do you feel about this?",learnosity-activity,choicematrix,9.11 Limitations to Keep in Mind,Chapter 9 - Models with a Quantitative Explanatory Variable,Mid2_Survey_0624,218cfe70-d35a-4d24-86cd-f29ef1e05669,release/v5.6.1,College / Advanced Statistics with R (ABCD),experiment/exp-test/A/release-5-6-1,Strongly negative,Negative,Somewhat negative	,Somewhat positive	,Positive,Strongly Positive,,,
FALSE,sent_pro_4,Post_Survey_1223,,2,"In this class, you used R to analyze data. How do you feel about this now?",learnosity-activity,choicematrix,End of Course Survey (Required),Finishing Up (Don't Skip This Part!),Post_Survey_1223,6ff795c0-5f15-4b00-b0fb-3c207868c404,release/v5.6.1,College / Advanced Statistics with R (ABCD),experiment/exp-test/A/release-5-6-1,Strongly negative,Negative,Somewhat negative	,Somewhat positive	,Positive,Strongly Positive,,,
TRUE,uv_d1_1,Pre_EVC,4,,What I'm going to learn in this class will be relevant to my everyday life.,learnosity-activity,choicematrix,Student Survey (REQUIRED),Getting Started (Don't Skip This Part),Pre_Survey_1223,3cb11c42-79d2-4d66-9b1f-c7414088fb70,release/v5.6.1,College / Advanced Statistics with R (ABCD),experiment/exp-test/A/release-5-6-1,Strongly disagree,Disagree,Slightly disagree,Slightly agree,Agree,Strongly agree,,,
TRUE,uv_d1_2,Mid1_EVC,3,,What we learn in this class is relevant to my everyday life.,learnosity-activity,choicematrix,4.13 Quantifying the Data Generating Process,Chapter 4 - Explaining Variation,Mid1_Survey_0624,8cfcad51-59b7-4ae3-a7c4-e4f5cafdc37a,release/v5.6.1,College / Advanced Statistics with R (ABCD),experiment/exp-test/A/release-5-6-1,Strongly disagree,Disagree,Slightly disagree,Slightly agree,Agree,Strongly agree,,,
TRUE,uv_d1_3,Mid2_EVC,3,,What we learn in this class is relevant to my everyday life.,learnosity-activity,choicematrix,9.11 Limitations to Keep in Mind,Chapter 9 - Models with a Quantitative Explanatory Variable,Mid2_Survey_0624,d1815d15-b352-45b2-9f03-abe687917406,release/v5.6.1,College / Advanced Statistics with R (ABCD),experiment/exp-test/A/release-5-6-1,Strongly disagree,Disagree,Slightly disagree,Slightly agree,Agree,Strongly agree,,,
TRUE,uv_d1_4,Post_EVC,4,1,What we learn in this class is relevant to my everyday life.,learnosity-activity,choicematrix,End of Course Survey (Required),Finishing Up (Don't Skip This Part!),Post_Survey_1223,96406e57-9e35-43fa-8655-a5875e956bff,release/v5.6.1,College / Advanced Statistics with R (ABCD),experiment/exp-test/A/release-5-6-1,Strongly disagree,Disagree,Slightly disagree,Slightly agree,Agree,Strongly agree,,,
TRUE,uv_f1_1,Pre_EVC,3,,What I'm going to learn in this class will be useful in the future.,learnosity-activity,choicematrix,Student Survey (REQUIRED),Getting Started (Don't Skip This Part),Pre_Survey_1223,3cb11c42-79d2-4d66-9b1f-c7414088fb70,release/v5.6.1,College / Advanced Statistics with R (ABCD),experiment/exp-test/A/release-5-6-1,Strongly disagree,Disagree,Slightly disagree,Slightly agree,Agree,Strongly agree,,,
TRUE,uv_f1_2,Mid1_EVC,2,,What I'm learning in this class will be useful in the future.,learnosity-activity,choicematrix,4.13 Quantifying the Data Generating Process,Chapter 4 - Explaining Variation,Mid1_Survey_0624,8cfcad51-59b7-4ae3-a7c4-e4f5cafdc37a,release/v5.6.1,College / Advanced Statistics with R (ABCD),experiment/exp-test/A/release-5-6-1,Strongly disagree,Disagree,Slightly disagree,Slightly agree,Agree,Strongly agree,,,
TRUE,uv_f1_3,Mid2_EVC,2,,What I'm learning in this class will be useful in the future.,learnosity-activity,choicematrix,9.11 Limitations to Keep in Mind,Chapter 9 - Models with a Quantitative Explanatory Variable,Mid2_Survey_0624,d1815d15-b352-45b2-9f03-abe687917406,release/v5.6.1,College / Advanced Statistics with R (ABCD),experiment/exp-test/A/release-5-6-1,Strongly disagree,Disagree,Slightly disagree,Slightly agree,Agree,Strongly agree,,,
TRUE,uv_f1_4,Post_EVC,3,1,What I'm learning in this class will be useful in the future.,learnosity-activity,choicematrix,End of Course Survey (Required),Finishing Up (Don't Skip This Part!),Post_Survey_1223,96406e57-9e35-43fa-8655-a5875e956bff,release/v5.6.1,College / Advanced Statistics with R (ABCD),experiment/exp-test/A/release-5-6-1,Strongly disagree,Disagree,Slightly disagree,Slightly agree,Agree,Strongly agree,,,
TRUE,uv_pulse10,Pulse_c1,2,,I think what I have learned in the previous chapter is useful.,learnosity,choicematrix,10.1 The Problem of Inference,Chapter 10 - The Logic of Inference,21680c60-e4a8-449a-8692-0b006039118a,ea751e20-cbd7-4774-a6ae-4267bdc3dac7,release/v5.6.1,College / Advanced Statistics with R (ABCD),experiment/exp-test/A/release-5-6-1,Strongly disagree,Disagree,Slightly disagree,Slightly agree,Agree,Strongly agree,,,
TRUE,uv_pulse11,Pulse_c2,2,,I think what I have learned in the previous chapter is useful.,learnosity,choicematrix,11.1 Moving Beyond b1,Chapter 11 - Model Comparison with F,b0035dd4-0026-4c07-ae09-c8f3b3dd0b3d,95d7b076-f71c-4bd3-9f3b-09702d97e82d,release/v5.6.1,College / Advanced Statistics with R (ABCD),experiment/exp-test/A/release-5-6-1,Strongly disagree,Disagree,Slightly disagree,Slightly agree,Agree,Strongly agree,,,
TRUE,uv_pulse12,Pulse_c3,2,,I think what I have learned in the previous chapter is useful.,learnosity,choicematrix,12.1 From Hypothesis Testing to Confidence Intervals,Chapter 12 - Parameter Estimation and Confidence Intervals,79229aab-e23d-45c3-9b22-55e42604d77c,f50886de-dfba-4893-9528-240f11dce578,release/v5.6.1,College / Advanced Statistics with R (ABCD),experiment/exp-test/A/release-5-6-1,Strongly disagree,Disagree,Slightly disagree,Slightly agree,Agree,Strongly agree,,,
TRUE,uv_pulse13,Pulse_d1,2,,I think what I have learned in the previous chapter is useful.,learnosity,choicematrix,13.1 Models with Two Explanatory Variables,Chapter 13 - Introduction to Multivariate Models,3ab5a90f-30f8-49c7-80bb-10606302b182,35059832-d884-4646-bec3-f0c5f5132219,release/v5.6.1,College / Advanced Statistics with R (ABCD),experiment/exp-test/A/release-5-6-1,Strongly disagree,Disagree,Slightly disagree,Slightly agree,Agree,Strongly agree,,,
TRUE,uv_pulse14,Pulse_d2,2,,I think what I have learned in the previous chapter is useful.,learnosity,choicematrix,14.1 Targeted Model Comparisons,Chapter 14 - Multivariate Model Comparisons,4d95b4b9-8b4c-4a0a-bb0b-2d11bf92e8e8,943d0315-9f01-46cf-b7b8-7175368e99bb,release/v5.6.1,College / Advanced Statistics with R (ABCD),experiment/exp-test/A/release-5-6-1,Strongly disagree,Disagree,Slightly disagree,Slightly agree,Agree,Strongly agree,,,
TRUE,uv_pulse15,Pulse_d3,2,,I think what I have learned in the previous chapter is useful.,learnosity,,15.1 Dogs in the Emergency Room,Chapter 15 - Models with Interactions,,,release/v5.6.1,College / Advanced Statistics with R (ABCD),experiment/exp-test/A/release-5-6-1,Strongly disagree,Disagree,Slightly disagree,Slightly agree,Agree,Strongly agree,,,
TRUE,uv_pulse16,Pulse_d4,2,,I think what I have learned in the previous chapter is useful.,learnosity,choicematrix,16.1 Interactions with Two Quantitative Predictors,Chapter 16 - More Models with Interactions,857eecd7-00f9-4de7-a439-7e3039c6ff3f,825da247-9f89-4320-a146-b98847a3db3a,release/v5.6.1,College / Advanced Statistics with R (ABCD),experiment/exp-test/A/release-5-6-1,Strongly disagree,Disagree,Slightly disagree,Slightly agree,Agree,Strongly agree,,,
TRUE,uv_pulse2,Pulse_a2,2,,I think what I have learned in the previous chapter is useful.,learnosity,choicematrix,2.1 Starting with a Bunch of Numbers,Chapter 2 - Understanding Data,779fff33-081b-4973-91c8-f7ad425d9afc,bdd1f737-26e7-4d6a-89f0-2ce2b1ddc145,release/v5.6.1,College / Advanced Statistics with R (ABCD),experiment/exp-test/A/release-5-6-1,Strongly disagree,Disagree,Slightly disagree,Slightly agree,Agree,Strongly agree,,,
TRUE,uv_pulse3,Pulse_a3,2,,I think what I have learned in the previous chapter is useful.,learnosity,choicematrix,3.1 The Concept of Distribution,Chapter 3 - Examining Distributions,c6a571f3-5352-4b06-9220-b7318d3bd736,cea09b1a-740f-4e7e-bf46-133635c473a8,release/v5.6.1,College / Advanced Statistics with R (ABCD),experiment/exp-test/A/release-5-6-1,Strongly disagree,Disagree,Slightly disagree,Slightly agree,Agree,Strongly agree,,,
TRUE,uv_pulse4,Pulse_a4,2,,I think what I have learned in the previous chapter is useful.,learnosity,choicematrix,4.1 Outcome and Explanatory Variables,Chapter 4 - Explaining Variation,87c64df6-8a0a-4617-96be-cd7c06d8c5c6,3e7981ed-5c59-445e-854f-adf71448feb1,release/v5.6.1,College / Advanced Statistics with R (ABCD),experiment/exp-test/A/release-5-6-1,Strongly disagree,Disagree,Slightly disagree,Slightly agree,Agree,Strongly agree,,,
TRUE,uv_pulse5,Pulse_b1,2,,I think what I have learned in the previous chapter is useful.,learnosity,choicematrix,"5.1 What is a Model, and Why Would We Want One?",Chapter 5 - A Simple Model,fad48150-4175-4b27-8747-90d2f3f4e5b8,98766f0f-e862-4eb6-b12d-c0e169626a61,release/v5.6.1,College / Advanced Statistics with R (ABCD),experiment/exp-test/A/release-5-6-1,Strongly disagree,Disagree,Slightly disagree,Slightly agree,Agree,Strongly agree,,,
TRUE,uv_pulse6,Pulse_b2,2,,I think what I have learned in the previous chapter is useful.,learnosity,choicematrix,6.1 Quantifying Total Error Around a Model,Chapter 6 - Quantifying Error,26d3e308-69c2-4780-8dd9-2870335587e6,71fb02f1-c5e0-427b-bf3d-32d47705faaa,release/v5.6.1,College / Advanced Statistics with R (ABCD),experiment/exp-test/A/release-5-6-1,Strongly disagree,Disagree,Slightly disagree,Slightly agree,Agree,Strongly agree,,,
TRUE,uv_pulse7,Pulse_b3,2,,I think what I have learned in the previous chapter is useful.,learnosity,choicematrix,7.1 Explaining Variation,Chapter 7 - Adding an Explanatory Variable to the Model,8574b284-4887-4d03-b876-98c5807cb493,f73b3eaf-4746-4400-9958-bd3f97869fce,release/v5.6.1,College / Advanced Statistics with R (ABCD),experiment/exp-test/A/release-5-6-1,Strongly disagree,Disagree,Slightly disagree,Slightly agree,Agree,Strongly agree,,,
TRUE,uv_pulse8,Pulse_b4,2,,I think what I have learned in the previous chapter is useful.,learnosity,choicematrix,8.1 Extending to a Three-Group Model,Chapter 8 - Digging Deeper into Group Models,fb9963ef-56db-47ea-a414-96d01f46e81c,70f6f75b-feaf-4c07-8d4f-76bb84e98a54,release/v5.6.1,College / Advanced Statistics with R (ABCD),experiment/exp-test/A/release-5-6-1,Strongly disagree,Disagree,Slightly disagree,Slightly agree,Agree,Strongly agree,,,
TRUE,uv_pulse9,Pulse_b5,2,,I think what I have learned in the previous chapter is useful.,learnosity,choicematrix,9.1 Using a Quantitative Explanatory Variable in a Model,Chapter 9 - Models with a Quantitative Explanatory Variable,cf89b8a8-a51a-4744-bec0-a5856f5fd792,689e1f6e-b658-46ec-b2a7-55c62d8768f9,release/v5.6.1,College / Advanced Statistics with R (ABCD),experiment/exp-test/A/release-5-6-1,Strongly disagree,Disagree,Slightly disagree,Slightly agree,Agree,Strongly agree,,,
FALSE,year,Pre_StudBack1_v2,,9,What's your year in school?,learnosity-activity,mcq,Student Survey (REQUIRED),Getting Started (Don't Skip This Part),Pre_Survey_1223,02250704-c3dc-4fbe-9090-8d6908c01818,release/v5.6.1,College / Advanced Statistics with R (ABCD),experiment/exp-test/A/release-5-6-1,Freshman,Sophomore,Junior,Senior,Other,,,,
FALSE,time,Pulse_a3,2,,What time is it where you are right now?,learnosity,shorttext,3.1 The Concept of Distribution,Chapter 3 - Examining Distributions,c6a571f3-5352-4b06-9220-b7318d3bd736,e3919220-21cc-4b70-bb8a-9cfe0678717c,release/v5.6.1,College / Advanced Statistics with R (ABCD),experiment/exp-test/A/release-5-6-1,,,,,,,,,
FALSE,timezone,Pulse_a3,3,,Is this typically the time zone you are in as you work your way through this book?,learnosity,mcq,3.1 The Concept of Distribution,Chapter 3 - Examining Distributions,c6a571f3-5352-4b06-9220-b7318d3bd736,ccdda3e6-4469-4efb-ac6f-07ade2f97902,release/v5.6.1,College / Advanced Statistics with R (ABCD),experiment/exp-test/A/release-5-6-1,Yes,No,,,,,,,