source,student_id,module_variation,construct_mean_anxiety_test,construct_mean_belief_control,construct_mean_belonging,construct_mean_belonging_general,construct_mean_belonging_respect,construct_mean_experience_programming,construct_mean_fixed_mindset,construct_mean_interest_math,construct_mean_interest_programming,construct_mean_mindset_fixed,construct_mean_mindset_fixedBelonging,construct_mean_selfEfficacy,construct_mean_stress_level_global,construct_mean_stress_level_recent,construct_mean_stress_mindset,construct_mean_value_task,construct_mean_challengeSeeking,construct_mean_meta_self_regulation,construct_mean_mindset_strategic,construct_mean_orientation_achievementGoal,construct_mean_orientation_learningGoal,construct_responses_anxiety_test,construct_responses_belief_control,construct_responses_belonging,construct_responses_belonging_general,construct_responses_belonging_respect,construct_responses_experience_programming,construct_responses_fixed_mindset,construct_responses_interest_math,construct_responses_interest_programming,construct_responses_mindset_fixed,construct_responses_mindset_fixedBelonging,construct_responses_selfEfficacy,construct_responses_stress_level_global,construct_responses_stress_level_recent,construct_responses_stress_mindset,construct_responses_value_task,construct_responses_challengeSeeking,construct_responses_meta_self_regulation,construct_responses_mindset_strategic,construct_responses_orientation_achievementGoal,construct_responses_orientation_learningGoal
qualtrics_midquarter,c3793cf2-8623-4609-94ce-f833f42f8d1f,A,NA,0.5835,NA,NA,NA,NA,NA,NA,NA,NA,NA,0.834,NA,NA,0.43725,0.667,0,0.5835,0.667,0.5,0.7505,NA,2,NA,NA,NA,NA,NA,NA,NA,NA,NA,3,NA,NA,4,2,1,4,3,2,2
qualtrics_midquarter,ad200b68-50f9-48f5-931a-478fa63960e9,B,NA,0.917,NA,NA,NA,NA,NA,NA,NA,NA,NA,0.9446666666666668,NA,NA,0.896,0.834,1,0.7085,0.5,1,1,NA,2,NA,NA,NA,NA,NA,NA,NA,NA,NA,3,NA,NA,4,2,1,4,3,2,2
qualtrics_midquarter,939ebce6-7f20-4b73-8a99-dc5c6b1eeee0,A,NA,0.5835,NA,NA,NA,NA,NA,NA,NA,NA,NA,0.7783333333333333,NA,NA,0.5835,0.834,1,0.62525,0.5556666666666666,0.834,0.917,NA,2,NA,NA,NA,NA,NA,NA,NA,NA,NA,3,NA,NA,4,2,1,4,3,2,2
qualtrics_midquarter,ea0087ca-1042-46c3-9a79-630bbe3566c7,A,NA,0.7505,NA,NA,NA,NA,NA,NA,NA,NA,NA,0.834,NA,NA,0.6877500000000001,0.834,0,0.66725,0.333,1,0.7505,NA,2,NA,NA,NA,NA,NA,NA,NA,NA,NA,3,NA,NA,4,2,1,4,3,2,2
qualtrics_midquarter,29484a7d-ea93-4095-9872-13c05396f924,A,NA,0.5,NA,NA,NA,NA,NA,NA,NA,NA,NA,0.5003333333333334,NA,NA,0.29175,0.917,0,0.3335,0.5003333333333334,0.7505,0.8335,NA,2,NA,NA,NA,NA,NA,NA,NA,NA,NA,3,NA,NA,4,2,1,4,3,2,2
qualtrics_midquarter,2dd393e3-a499-4863-9f12-b06488a5251c,A,NA,NA,NA,NA,NA,NA,NA,NA,NA,NA,NA,NA,NA,NA,NA,NA,NA,NA,NA,NA,NA,NA,2,NA,NA,NA,NA,NA,NA,NA,NA,NA,3,NA,NA,4,2,1,4,3,2,2
qualtrics_midquarter,823c0f8b-be6b-4f09-99a6-171a92a74fe0,A,NA,0.7505,NA,NA,NA,NA,NA,NA,NA,NA,NA,0.834,NA,NA,0.10425,0.834,0,0.5002500000000001,0.667,0.7505,0.834,NA,2,NA,NA,NA,NA,NA,NA,NA,NA,NA,3,NA,NA,4,2,1,4,3,2,2
qualtrics_midquarter,7d0e4048-50be-4f30-a189-01a6d880028b,A,NA,1,NA,NA,NA,NA,NA,NA,NA,NA,NA,0.8333333333333334,NA,NA,0.75,1,1,1,1,1,1,NA,2,NA,NA,NA,NA,NA,NA,NA,NA,NA,3,NA,NA,4,2,1,4,3,2,2
qualtrics_midquarter,c375eae5-6cf6-4092-9fa0-766db39ef235,B,NA,0.5,NA,NA,NA,NA,NA,NA,NA,NA,NA,0.667,NA,NA,0.4375,1,0,0.542,0.6113333333333334,0.7505,0.917,NA,2,NA,NA,NA,NA,NA,NA,NA,NA,NA,3,NA,NA,4,2,1,4,3,2,2
qualtrics_midquarter,491bc842-5aa8-4c5e-93cd-e4f1407699c0,B,NA,1,NA,NA,NA,NA,NA,NA,NA,NA,NA,0.9446666666666668,NA,NA,0.9375,1,1,0.9585,0.889,0.834,1,NA,2,NA,NA,NA,NA,NA,NA,NA,NA,NA,3,NA,NA,4,2,1,4,3,2,2
qualtrics_midquarter,6c0ab036-6ead-40c3-811a-1c5ce40a896e,A,NA,1,NA,NA,NA,NA,NA,NA,NA,NA,NA,1,NA,NA,0.77075,0.834,0,0.79175,0.5556666666666666,0.917,0.7505,NA,2,NA,NA,NA,NA,NA,NA,NA,NA,NA,3,NA,NA,4,2,1,4,3,2,2
qualtrics_midquarter,cfc68609-75b0-4805-a48d-5675088d985a,B,NA,0.917,NA,NA,NA,NA,NA,NA,NA,NA,NA,0.8336666666666667,NA,NA,0.7295,0.917,1,0.70825,0.667,1,1,NA,2,NA,NA,NA,NA,NA,NA,NA,NA,NA,3,NA,NA,4,2,1,4,3,2,2
qualtrics_midquarter,9c9c31df-4495-4039-9fb5-0d46e6aac863,A,NA,0.3335,NA,NA,NA,NA,NA,NA,NA,NA,NA,0.5556666666666666,NA,NA,0.41675,0.834,1,0.5835,0.6113333333333334,0.7505,0.917,NA,2,NA,NA,NA,NA,NA,NA,NA,NA,NA,3,NA,NA,4,2,1,4,3,2,2
qualtrics_midquarter,fa03bc37-74ab-44b4-a89a-7524a30e46ab,B,NA,0.917,NA,NA,NA,NA,NA,NA,NA,NA,NA,0.778,NA,NA,0.4585,0.667,0,0.6667500000000001,0.22233333333333336,0.917,0.667,NA,2,NA,NA,NA,NA,NA,NA,NA,NA,NA,3,NA,NA,4,2,1,4,3,2,2
qualtrics_midquarter,b29b877c-b73d-4d44-9cb0-cbc0e4dd98f8,B,NA,0.5,NA,NA,NA,NA,NA,NA,NA,NA,NA,0.5,NA,NA,0.5,0.5,0,0.45825,0.5,0.4165,0.5,NA,2,NA,NA,NA,NA,NA,NA,NA,NA,NA,3,NA,NA,4,2,1,4,3,2,2
qualtrics_midquarter,b66fad86-3a3b-4efe-8c87-1e31ae16d398,B,NA,0.7505,NA,NA,NA,NA,NA,NA,NA,NA,NA,0.7226666666666667,NA,NA,0.521,0.3335,0,0.5417500000000001,0.2776666666666667,0.834,0.834,NA,2,NA,NA,NA,NA,NA,NA,NA,NA,NA,3,NA,NA,4,2,1,4,3,2,2
qualtrics_midquarter,a14987cd-7877-4fa6-9fe0-72a3134aba97,B,NA,0.75,NA,NA,NA,NA,NA,NA,NA,NA,NA,1,NA,NA,0.75,1,0,1,0.8336666666666667,1,1,NA,2,NA,NA,NA,NA,NA,NA,NA,NA,NA,3,NA,NA,4,2,1,4,3,2,2
qualtrics_midquarter,d14cbae6-2f7c-49df-9a5c-83d4fb95d753,B,NA,0.8335,NA,NA,NA,NA,NA,NA,NA,NA,NA,0.834,NA,NA,0.6042500000000001,1,1,0.834,0.834,0.7505,1,NA,2,NA,NA,NA,NA,NA,NA,NA,NA,NA,3,NA,NA,4,2,1,4,3,2,2
qualtrics_midquarter,4b560d11-baff-4f7e-8ed4-c829d440560c,B,NA,0.7505,NA,NA,NA,NA,NA,NA,NA,NA,NA,0.7226666666666667,NA,NA,0.7505,0.667,1,0.5835,0.5003333333333334,0.0835,0.667,NA,2,NA,NA,NA,NA,NA,NA,NA,NA,NA,3,NA,NA,4,2,1,4,3,2,2
qualtrics_midquarter,538fb716-45fb-4533-a2e3-b52d33873b1b,A,NA,0.834,NA,NA,NA,NA,NA,NA,NA,NA,NA,0.5,NA,NA,0.04175,1,0,0.62525,0.7783333333333333,0.667,0.917,NA,2,NA,NA,NA,NA,NA,NA,NA,NA,NA,3,NA,NA,4,2,1,4,3,2,2
qualtrics_midquarter,caee6bd1-61ab-4155-a86b-c51d22b60842,B,NA,0.667,NA,NA,NA,NA,NA,NA,NA,NA,NA,0.7783333333333333,NA,NA,0.56275,0.7505,0,0.62525,0.667,0.5,0.7505,NA,2,NA,NA,NA,NA,NA,NA,NA,NA,NA,3,NA,NA,4,2,1,4,3,2,2
qualtrics_midquarter,c2e0eaf3-042e-4f84-ace2-87c1174fe92c,A,NA,0.7505,NA,NA,NA,NA,NA,NA,NA,NA,NA,0.8893333333333333,NA,NA,0.6877500000000001,0.834,1,0.70875,0.5003333333333334,0.0835,0.834,NA,2,NA,NA,NA,NA,NA,NA,NA,NA,NA,3,NA,NA,4,2,1,4,3,2,2
qualtrics_midquarter,f9e11872-5a4f-4150-8429-d82182b1fec6,A,NA,0.8335,NA,NA,NA,NA,NA,NA,NA,NA,NA,0.9446666666666668,NA,NA,0.81275,1,1,0.9585,0.7226666666666667,0.667,1,NA,2,NA,NA,NA,NA,NA,NA,NA,NA,NA,3,NA,NA,4,2,1,4,3,2,2
qualtrics_midquarter,afa0f95e-b20f-4286-af23-85d3c2801e81,A,NA,0.75,NA,NA,NA,NA,NA,NA,NA,NA,NA,0.834,NA,NA,0.5627500000000001,0.834,1,0.8335,0.7226666666666667,0.834,1,NA,2,NA,NA,NA,NA,NA,NA,NA,NA,NA,3,NA,NA,4,2,1,4,3,2,2
qualtrics_midquarter,672235ea-8d90-4b3f-b619-d8826da2341f,B,NA,0.5,NA,NA,NA,NA,NA,NA,NA,NA,NA,0.778,NA,NA,0.479,0.5,1,0.917,0.5556666666666666,0.25,0.5835,NA,2,NA,NA,NA,NA,NA,NA,NA,NA,NA,3,NA,NA,4,2,1,4,3,2,2
qualtrics_midquarter,9829fac5-aed5-4411-a41f-28b25e9a7720,A,NA,0.5835,NA,NA,NA,NA,NA,NA,NA,NA,NA,0.6113333333333334,NA,NA,0.7295,0.667,1,0.66675,0.7226666666666667,0.667,0.917,NA,2,NA,NA,NA,NA,NA,NA,NA,NA,NA,3,NA,NA,4,2,1,4,3,2,2
qualtrics_midquarter,83fd4426-7b7a-4907-b297-fb081c77df20,A,NA,0.834,NA,NA,NA,NA,NA,NA,NA,NA,NA,0.9446666666666668,NA,NA,0.6042500000000001,0.4165,0,0.83375,0.667,0.834,0.8335,NA,2,NA,NA,NA,NA,NA,NA,NA,NA,NA,3,NA,NA,4,2,1,4,3,2,2
qualtrics_midquarter,c01201ed-736c-47cc-a776-cd09aca775cb,A,NA,0.834,NA,NA,NA,NA,NA,NA,NA,NA,NA,0.7226666666666667,NA,NA,0.5625,1,0,0.62525,0.8336666666666667,0.917,0.917,NA,2,NA,NA,NA,NA,NA,NA,NA,NA,NA,3,NA,NA,4,2,1,4,3,2,2
qualtrics_midquarter,6bbd00a4-1435-4fcb-8f28-93a2a7944e09,A,NA,0.667,NA,NA,NA,NA,NA,NA,NA,NA,NA,0.7783333333333333,NA,NA,0.22925,0.7505,1,0.6255,0.44433333333333336,0.5,0.7505,NA,2,NA,NA,NA,NA,NA,NA,NA,NA,NA,3,NA,NA,4,2,1,4,3,2,2
qualtrics_midquarter,39d334cd-e96a-4214-88d2-d87106d93250,A,NA,0.667,NA,NA,NA,NA,NA,NA,NA,NA,NA,0.667,NA,NA,0.39575,0.834,0,0.5002500000000001,0.667,0.834,0.7505,NA,2,NA,NA,NA,NA,NA,NA,NA,NA,NA,3,NA,NA,4,2,1,4,3,2,2
qualtrics_midquarter,64bd0a6d-2dc3-4fe5-9689-eb34da7f0b04,B,NA,1,NA,NA,NA,NA,NA,NA,NA,NA,NA,0.6113333333333334,NA,NA,0.1875,0.667,0,0.62525,0.6113333333333334,0.7505,0.834,NA,2,NA,NA,NA,NA,NA,NA,NA,NA,NA,3,NA,NA,4,2,1,4,3,2,2
qualtrics_midquarter,0d51ecb7-99ad-43bf-9374-f65cd9f48009,B,NA,0.917,NA,NA,NA,NA,NA,NA,NA,NA,NA,0.5556666666666666,NA,NA,0.08325,0.5,0,0.45875,0.8336666666666667,0.917,0.667,NA,2,NA,NA,NA,NA,NA,NA,NA,NA,NA,3,NA,NA,4,2,1,4,3,2,2
qualtrics_midquarter,e8d4e0f5-308c-4de7-b399-8802de03b02b,B,NA,0.5005,NA,NA,NA,NA,NA,NA,NA,NA,NA,0.834,NA,NA,1,0.834,1,0.6255,0.7783333333333333,0.167,1,NA,2,NA,NA,NA,NA,NA,NA,NA,NA,NA,3,NA,NA,4,2,1,4,3,2,2
qualtrics_midquarter,06250193-5dd7-4049-8a7c-fe47ff96842e,B,NA,0.5005,NA,NA,NA,NA,NA,NA,NA,NA,NA,0.3893333333333333,NA,NA,0.4795,0.834,0,0.62525,0.44466666666666665,0.917,0.7505,NA,2,NA,NA,NA,NA,NA,NA,NA,NA,NA,3,NA,NA,4,2,1,4,3,2,2
qualtrics_midquarter,922e2140-a940-4123-8dfa-64bafd6046ca,B,NA,1,NA,NA,NA,NA,NA,NA,NA,NA,NA,0.9446666666666668,NA,NA,0.792,1,1,0.5835,0.6113333333333333,0.5,1,NA,2,NA,NA,NA,NA,NA,NA,NA,NA,NA,3,NA,NA,4,2,1,4,3,2,2
qualtrics_midquarter,1c01dfd4-b2b8-4e1c-af17-d123fef94ab1,B,NA,0.5835,NA,NA,NA,NA,NA,NA,NA,NA,NA,0.834,NA,NA,0.5627500000000001,0.7505,1,0.5,0.5,0.7505,0.834,NA,2,NA,NA,NA,NA,NA,NA,NA,NA,NA,3,NA,NA,4,2,1,4,3,2,2
qualtrics_midquarter,885fb2d6-5382-4ce7-8ad6-ffcf876ccd33,B,NA,0.8335,NA,NA,NA,NA,NA,NA,NA,NA,NA,0.6113333333333333,NA,NA,0.35425,0.834,0,0.62525,0.44433333333333336,0.667,1,NA,2,NA,NA,NA,NA,NA,NA,NA,NA,NA,3,NA,NA,4,2,1,4,3,2,2
qualtrics_midquarter,3a24b301-7700-47f7-b87a-a52ae7984d88,B,NA,0.8335,NA,NA,NA,NA,NA,NA,NA,NA,NA,0.7226666666666667,NA,NA,0.521,0.7505,1,0.4585,0.5556666666666668,0.7505,0.7505,NA,2,NA,NA,NA,NA,NA,NA,NA,NA,NA,3,NA,NA,4,2,1,4,3,2,2
qualtrics_midquarter,b07437a4-62d4-4836-8f9e-9f88b73068d9,B,NA,0.834,NA,NA,NA,NA,NA,NA,NA,NA,NA,0.7226666666666667,NA,NA,0.6045,0.834,0,0.58375,0.6113333333333333,0.667,1,NA,2,NA,NA,NA,NA,NA,NA,NA,NA,NA,3,NA,NA,4,2,1,4,3,2,2
qualtrics_midquarter,e3ea6e06-23a9-49ea-81cf-658709a10b8a,B,NA,0.7505,NA,NA,NA,NA,NA,NA,NA,NA,NA,0.834,NA,NA,0.5627500000000001,0.834,1,0.6255,0.5003333333333333,0.25,0.834,NA,2,NA,NA,NA,NA,NA,NA,NA,NA,NA,3,NA,NA,4,2,1,4,3,2,2
qualtrics_midquarter,f5b12965-2c62-4ce5-9dba-9f042f65a004,A,NA,0.5,NA,NA,NA,NA,NA,NA,NA,NA,NA,0.5556666666666666,NA,NA,0.4375,0.917,0,0.5,0.5,0.3335,0.8335,NA,2,NA,NA,NA,NA,NA,NA,NA,NA,NA,3,NA,NA,4,2,1,4,3,2,2
qualtrics_midquarter,ce3cfad4-94a9-4d05-a5e8-97d1c70a8df8,B,NA,0.667,NA,NA,NA,NA,NA,NA,NA,NA,NA,0.778,NA,NA,0.5625,0.917,0,0.7505,0.667,0.333,0.667,NA,2,NA,NA,NA,NA,NA,NA,NA,NA,NA,3,NA,NA,4,2,1,4,3,2,2
qualtrics_midquarter,15c3627a-29f8-428f-819f-aa1ae1697525,A,NA,1,NA,NA,NA,NA,NA,NA,NA,NA,NA,1,NA,NA,0.56275,0.8335,0,0.667,0.7783333333333333,0.667,0.8335,NA,2,NA,NA,NA,NA,NA,NA,NA,NA,NA,3,NA,NA,4,2,1,4,3,2,2
qualtrics_midquarter,434f5a1e-ad3b-4552-9db2-f1b1d235376d,A,NA,0.5,NA,NA,NA,NA,NA,NA,NA,NA,NA,0.667,NA,NA,0.625,0.917,1,0.667,0.5,0.667,0.834,NA,2,NA,NA,NA,NA,NA,NA,NA,NA,NA,3,NA,NA,4,2,1,4,3,2,2
qualtrics_midquarter,439f4e71-874c-4747-89d4-608d8795dbf9,B,NA,1,NA,NA,NA,NA,NA,NA,NA,NA,NA,1,NA,NA,0.9375,1,1,0.875,0.778,0.3335,0.667,NA,2,NA,NA,NA,NA,NA,NA,NA,NA,NA,3,NA,NA,4,2,1,4,3,2,2
qualtrics_midquarter,a88c525e-7c81-4e3f-b6cd-bc5128101c0c,A,NA,0.8335,NA,NA,NA,NA,NA,NA,NA,NA,NA,0.778,NA,NA,0.4375,0.8335,1,0.834,0.5,0.3335,1,NA,2,NA,NA,NA,NA,NA,NA,NA,NA,NA,3,NA,NA,4,2,1,4,3,2,2
qualtrics_midquarter,eac9c882-e664-4fd0-9532-a76a13e1c479,A,NA,0.917,NA,NA,NA,NA,NA,NA,NA,NA,NA,0.8893333333333333,NA,NA,0.6877500000000001,0.834,0,0.9585,0.7783333333333333,0.834,1,NA,2,NA,NA,NA,NA,NA,NA,NA,NA,NA,3,NA,NA,4,2,1,4,3,2,2
qualtrics_midquarter,4338768b-a46d-48ae-958e-fbd61dcc1be5,A,NA,0.5835,NA,NA,NA,NA,NA,NA,NA,NA,NA,0.7783333333333333,NA,NA,0.68775,1,1,0.9585,0.889,0.667,1,NA,2,NA,NA,NA,NA,NA,NA,NA,NA,NA,3,NA,NA,4,2,1,4,3,2,2
qualtrics_midquarter,ce501ca6-b983-4056-bcc6-dd7c0e652fb7,B,NA,0.6665,NA,NA,NA,NA,NA,NA,NA,NA,NA,1,NA,NA,0.52075,1,0,0.917,0.7226666666666667,0.8335,1,NA,2,NA,NA,NA,NA,NA,NA,NA,NA,NA,3,NA,NA,4,2,1,4,3,2,2
qualtrics_midquarter,f5e68f95-e302-4c4d-a1b8-3a75bd8dec49,B,NA,0.667,NA,NA,NA,NA,NA,NA,NA,NA,NA,0.7783333333333333,NA,NA,0.5625,0.667,0,0.70875,0.667,0.7505,0.7505,NA,2,NA,NA,NA,NA,NA,NA,NA,NA,NA,3,NA,NA,4,2,1,4,3,2,2
qualtrics_midquarter,0e301faf-9db0-4bd4-a86f-4cade4a0ef16,B,NA,0.7505,NA,NA,NA,NA,NA,NA,NA,NA,NA,0.8336666666666667,NA,NA,0.77125,0.5835,0,0.5417500000000001,0.6113333333333333,0.0835,0.7505,NA,2,NA,NA,NA,NA,NA,NA,NA,NA,NA,3,NA,NA,4,2,1,4,3,2,2
qualtrics_midquarter,645260f3-b0c9-4ca4-802a-bfd4fd8c6f7b,A,NA,0.7505,NA,NA,NA,NA,NA,NA,NA,NA,NA,0.7223333333333334,NA,NA,0.6877500000000001,0.7505,0,0.5,0.5,0.667,0.7505,NA,2,NA,NA,NA,NA,NA,NA,NA,NA,NA,3,NA,NA,4,2,1,4,3,2,2
qualtrics_midquarter,d2bf9a20-1547-4c7f-81d7-7137d3fc8222,B,NA,0.5835,NA,NA,NA,NA,NA,NA,NA,NA,NA,0.778,NA,NA,0.43775,0.834,1,0.79225,0.7226666666666667,1,0.917,NA,2,NA,NA,NA,NA,NA,NA,NA,NA,NA,3,NA,NA,4,2,1,4,3,2,2
qualtrics_midquarter,bcf224dd-1753-4fd1-aead-ed9c4bb6701c,B,NA,0.0835,NA,NA,NA,NA,NA,NA,NA,NA,NA,0.11100000000000002,NA,NA,0.20825,0.6665,0,0.2085,0.16666666666666669,0,0.3335,NA,2,NA,NA,NA,NA,NA,NA,NA,NA,NA,3,NA,NA,4,2,1,4,3,2,2
qualtrics_midquarter,173f0eda-3e01-4c67-bfa5-103fd5fa6c48,B,NA,0.5835,NA,NA,NA,NA,NA,NA,NA,NA,NA,0.667,NA,NA,0.125,0.5,0,0.41675,0.7226666666666667,0.917,0.5835,NA,2,NA,NA,NA,NA,NA,NA,NA,NA,NA,3,NA,NA,4,2,1,4,3,2,2
qualtrics_midquarter,9d909d2d-f8dd-42d4-a97a-83a3404f9de0,B,NA,0.667,NA,NA,NA,NA,NA,NA,NA,NA,NA,0.7783333333333333,NA,NA,0.77125,0.5835,0,0.5417500000000001,0.7226666666666667,0.834,0.4165,NA,2,NA,NA,NA,NA,NA,NA,NA,NA,NA,3,NA,NA,4,2,1,4,3,2,2
qualtrics_midquarter,0f2fb8b2-5315-45a1-b1b9-06ba6276a69d,B,NA,0.917,NA,NA,NA,NA,NA,NA,NA,NA,NA,0.7783333333333333,NA,NA,0.20825,0.5835,0,0.33325,0.6113333333333334,0.5835,0.7505,NA,2,NA,NA,NA,NA,NA,NA,NA,NA,NA,3,NA,NA,4,2,1,4,3,2,2
qualtrics_midquarter,61d0a488-65ec-4792-bd59-8fa50e567876,A,NA,0.6665,NA,NA,NA,NA,NA,NA,NA,NA,NA,0.7223333333333333,NA,NA,0.354,0.5,1,0.70875,0.8893333333333333,0,1,NA,2,NA,NA,NA,NA,NA,NA,NA,NA,NA,3,NA,NA,4,2,1,4,3,2,2
qualtrics_midquarter,25fc308c-bf0c-446c-8370-cf1c9d715127,B,NA,0.5835,NA,NA,NA,NA,NA,NA,NA,NA,NA,0.38866666666666666,NA,NA,0.60425,0.333,0,0.5,0.2776666666666667,0.5,0.5,NA,2,NA,NA,NA,NA,NA,NA,NA,NA,NA,3,NA,NA,4,2,1,4,3,2,2
qualtrics_midquarter,0ba6f8aa-6414-4280-8031-75d7377c10d1,A,NA,0.5835,NA,NA,NA,NA,NA,NA,NA,NA,NA,0.834,NA,NA,0.521,0.4165,0,0.5835,0.667,0.5835,0.667,NA,2,NA,NA,NA,NA,NA,NA,NA,NA,NA,3,NA,NA,4,2,1,4,3,2,2
qualtrics_midquarter,2e6b31f0-4f70-4dd8-aa76-0631b24a1d90,release/5.6.2-exp1,NA,0.917,NA,NA,NA,NA,NA,NA,NA,NA,NA,0.8336666666666667,NA,NA,0.896,0.7505,0,0.542,0.667,0.917,0.917,NA,2,NA,NA,NA,NA,NA,NA,NA,NA,NA,3,NA,NA,4,2,1,4,3,2,2
qualtrics_midquarter,b61b2a48-3a8f-4787-a174-34ab6eb957e9,B,NA,0.667,NA,NA,NA,NA,NA,NA,NA,NA,NA,0.7226666666666667,NA,NA,0.47925,0.917,0,0.6252500000000001,0.667,0.834,0.917,NA,2,NA,NA,NA,NA,NA,NA,NA,NA,NA,3,NA,NA,4,2,1,4,3,2,2
qualtrics_midquarter,7cd97f34-a1c8-41f1-b9ee-7ba0cdc902b1,A,NA,0.7505,NA,NA,NA,NA,NA,NA,NA,NA,NA,0.3335,NA,NA,0.04174999999999999,0.667,0,NA,0.2776666666666667,0.667,0.667,NA,2,NA,NA,NA,NA,NA,NA,NA,NA,NA,3,NA,NA,4,2,1,4,3,2,2
qualtrics_midquarter,826884ae-e3d8-4df4-95e8-093bb1bcbed3,B,NA,0.5835,NA,NA,NA,NA,NA,NA,NA,NA,NA,0.5556666666666668,NA,NA,0.47925,0.7505,1,0.45825,0.389,1,0.917,NA,2,NA,NA,NA,NA,NA,NA,NA,NA,NA,3,NA,NA,4,2,1,4,3,2,2
qualtrics_midquarter,6bbb7ef8-4ec6-41d8-b588-02f0c9ca472f,A,NA,0.8335,NA,NA,NA,NA,NA,NA,NA,NA,NA,0.7783333333333333,NA,NA,0.47925,0.667,0,0.58375,0.278,0.5,0.7505,NA,2,NA,NA,NA,NA,NA,NA,NA,NA,NA,3,NA,NA,4,2,1,4,3,2,2
qualtrics_midquarter,15bde074-1cc5-41cd-be7e-f221a221bf12,A,NA,0.917,NA,NA,NA,NA,NA,NA,NA,NA,NA,0.9446666666666668,NA,NA,0.14575,0.917,1,0.8755,0.7223333333333334,1,1,NA,2,NA,NA,NA,NA,NA,NA,NA,NA,NA,3,NA,NA,4,2,1,4,3,2,2
qualtrics_midquarter,97dfa9c0-f87b-4d5d-9d81-197e6f30e42f,A,NA,0.5835,NA,NA,NA,NA,NA,NA,NA,NA,NA,0.611,NA,NA,0.896,0.834,0,0.58375,0.11133333333333334,0.834,1,NA,2,NA,NA,NA,NA,NA,NA,NA,NA,NA,3,NA,NA,4,2,1,4,3,2,2
qualtrics_midquarter,8cf4b9d2-1db8-4e6e-a453-4706f4579eb7,B,NA,0.7505,NA,NA,NA,NA,NA,NA,NA,NA,NA,0.8893333333333333,NA,NA,0.7295,0.7505,1,0.667,0.667,0.4165,0.7505,NA,2,NA,NA,NA,NA,NA,NA,NA,NA,NA,3,NA,NA,4,2,1,4,3,2,2
qualtrics_midquarter,74e61529-b40e-483b-ad97-6e3125002e55,B,NA,0.667,NA,NA,NA,NA,NA,NA,NA,NA,NA,0.834,NA,NA,0.68775,0.667,0,0.37525,1,1,1,NA,2,NA,NA,NA,NA,NA,NA,NA,NA,NA,3,NA,NA,4,2,1,4,3,2,2
qualtrics_midquarter,6c6be6b3-fd27-42f5-9e33-b1b1ee9af487,B,NA,0.417,NA,NA,NA,NA,NA,NA,NA,NA,NA,0.33333333333333337,NA,NA,0.27075,0.667,0,0.667,0.6113333333333334,0.7505,0.8335,NA,2,NA,NA,NA,NA,NA,NA,NA,NA,NA,3,NA,NA,4,2,1,4,3,2,2
qualtrics_midquarter,2b6d0154-2b32-44b2-938e-98e618780dc1,B,NA,0.5,NA,NA,NA,NA,NA,NA,NA,NA,NA,0.6113333333333334,NA,NA,0.7295,0.5835,1,0.5,0.38866666666666666,0.7505,0.5835,NA,2,NA,NA,NA,NA,NA,NA,NA,NA,NA,3,NA,NA,4,2,1,4,3,2,2
qualtrics_midquarter,1e09e42b-8f2a-496f-8208-cd5d08ff5f3d,A,NA,0.7505,NA,NA,NA,NA,NA,NA,NA,NA,NA,0.778,NA,NA,0.64625,0.834,0,0.50025,0.5,0.667,0.7505,NA,2,NA,NA,NA,NA,NA,NA,NA,NA,NA,3,NA,NA,4,2,1,4,3,2,2
qualtrics_midquarter,84586901-b399-4554-85d6-77c4e922e2ed,B,NA,0.8335,NA,NA,NA,NA,NA,NA,NA,NA,NA,0.9446666666666668,NA,NA,0.91675,1,1,0.87525,0.22233333333333333,0.5,0.917,NA,2,NA,NA,NA,NA,NA,NA,NA,NA,NA,3,NA,NA,4,2,1,4,3,2,2
qualtrics_midquarter,652b6116-8e40-4aed-90fd-30132bc937e1,A,NA,0.5835,NA,NA,NA,NA,NA,NA,NA,NA,NA,0.834,NA,NA,0.27075,0.834,1,0.62525,0.667,0.7505,0.917,NA,2,NA,NA,NA,NA,NA,NA,NA,NA,NA,3,NA,NA,4,2,1,4,3,2,2
qualtrics_midquarter,6da09a92-e91b-4fc5-95ed-a9287cd43ecf,B,NA,0.8335,NA,NA,NA,NA,NA,NA,NA,NA,NA,0.8336666666666667,NA,NA,0.688,1,0,0.45875,0.7783333333333333,0.7505,1,NA,2,NA,NA,NA,NA,NA,NA,NA,NA,NA,3,NA,NA,4,2,1,4,3,2,2
qualtrics_midquarter,332c85a5-6987-45e2-a71c-1ad3203e82f2,B,NA,0.6665,NA,NA,NA,NA,NA,NA,NA,NA,NA,0.6666666666666667,NA,NA,0.27075,1,0,0.834,1,0.5,1,NA,2,NA,NA,NA,NA,NA,NA,NA,NA,NA,3,NA,NA,4,2,1,4,3,2,2
qualtrics_midquarter,2bfa9ba8-cf6b-4221-854d-3b76b4c8b378,A,NA,0.5835,NA,NA,NA,NA,NA,NA,NA,NA,NA,0.778,NA,NA,0.08325,0.0835,0,0.375,0.6113333333333333,1,0.333,NA,2,NA,NA,NA,NA,NA,NA,NA,NA,NA,3,NA,NA,4,2,1,4,3,2,2
qualtrics_midquarter,1475563d-36f1-471b-9c58-a2416b746a4a,B,NA,0.5,NA,NA,NA,NA,NA,NA,NA,NA,NA,0.44466666666666665,NA,NA,0.4375,0.5,0,0.5835,0.5,0.7505,0.5835,NA,2,NA,NA,NA,NA,NA,NA,NA,NA,NA,3,NA,NA,4,2,1,4,3,2,2
qualtrics_midquarter,ca89a0bd-bae6-49ca-b3df-d9c69acff0a1,A,NA,0.667,NA,NA,NA,NA,NA,NA,NA,NA,NA,0.7783333333333333,NA,NA,0.24975000000000003,0.667,0,0.70875,0.6113333333333334,0.667,0.667,NA,2,NA,NA,NA,NA,NA,NA,NA,NA,NA,3,NA,NA,4,2,1,4,3,2,2
qualtrics_midquarter,7bebac97-18b7-442b-a323-d4067c6e048d,A,NA,0.7505,NA,NA,NA,NA,NA,NA,NA,NA,NA,0.389,NA,NA,0.4375,0.667,1,0.4585,0.5,0.25,0.8335,NA,2,NA,NA,NA,NA,NA,NA,NA,NA,NA,3,NA,NA,4,2,1,4,3,2,2
qualtrics_midquarter,d9f390bd-dace-4f0e-9448-537452f63494,B,NA,0.917,NA,NA,NA,NA,NA,NA,NA,NA,NA,0.9446666666666668,NA,NA,0.77125,1,0,0.83375,0.7783333333333333,0.834,1,NA,2,NA,NA,NA,NA,NA,NA,NA,NA,NA,3,NA,NA,4,2,1,4,3,2,2
qualtrics_midquarter,ea276284-0494-456d-939b-b58e0931071b,B,NA,1,NA,NA,NA,NA,NA,NA,NA,NA,NA,1,NA,NA,1,0.8335,1,0.8755,0.7226666666666667,0.167,1,NA,2,NA,NA,NA,NA,NA,NA,NA,NA,NA,3,NA,NA,4,2,1,4,3,2,2
qualtrics_midquarter,5125f007-d07a-4647-8971-45faf7598096,A,NA,0.7505,NA,NA,NA,NA,NA,NA,NA,NA,NA,0.778,NA,NA,0.7085,0.917,1,0.50025,0.778,0.667,0.917,NA,2,NA,NA,NA,NA,NA,NA,NA,NA,NA,3,NA,NA,4,2,1,4,3,2,2
qualtrics_midquarter,bfe845b3-04a9-4f62-8b55-f91b25b15524,B,NA,0.5835,NA,NA,NA,NA,NA,NA,NA,NA,NA,0.5,NA,NA,0.56275,0.5835,0,0.87525,0.5556666666666666,0.5835,1,NA,2,NA,NA,NA,NA,NA,NA,NA,NA,NA,3,NA,NA,4,2,1,4,3,2,2
qualtrics_midquarter,8a56673a-29a4-4d2d-8ec2-833b27f55ee0,A,NA,0.5,NA,NA,NA,NA,NA,NA,NA,NA,NA,0.5556666666666668,NA,NA,0.5625,0.667,0,0.41675,0.33333333333333337,0.3335,0.7505,NA,2,NA,NA,NA,NA,NA,NA,NA,NA,NA,3,NA,NA,4,2,1,4,3,2,2
qualtrics_midquarter,99a350fb-d25e-4956-aa91-853136b2a759,A,NA,0.75,NA,NA,NA,NA,NA,NA,NA,NA,NA,0.8336666666666667,NA,NA,0.646,0.667,0,0.5835,0.834,0.667,0.917,NA,2,NA,NA,NA,NA,NA,NA,NA,NA,NA,3,NA,NA,4,2,1,4,3,2,2
qualtrics_midquarter,132e6cd4-bb57-4bd2-a9b3-14b085863de1,B,NA,1,NA,NA,NA,NA,NA,NA,NA,NA,NA,1,NA,NA,0.5835,0.667,0,0.12525,0.33333333333333337,0.5005,0.5,NA,2,NA,NA,NA,NA,NA,NA,NA,NA,NA,3,NA,NA,4,2,1,4,3,2,2
qualtrics_midquarter,03694e8d-c5cb-4148-8804-147203d4078c,A,NA,1,NA,NA,NA,NA,NA,NA,NA,NA,NA,1,NA,NA,0.16675,0.7505,0,0.70875,0.389,0,0.917,NA,2,NA,NA,NA,NA,NA,NA,NA,NA,NA,3,NA,NA,4,2,1,4,3,2,2
qualtrics_midquarter,ab7dc5e1-2d60-43c3-ac14-43f50df45bb4,A,NA,0.5005,NA,NA,NA,NA,NA,NA,NA,NA,NA,0.7783333333333333,NA,NA,0.354,1,0,0.667,0.7226666666666667,0.834,1,NA,2,NA,NA,NA,NA,NA,NA,NA,NA,NA,3,NA,NA,4,2,1,4,3,2,2
qualtrics_midquarter,b53ea88b-d62e-46f4-a2f3-0665fca2b611,A,NA,0.5005,NA,NA,NA,NA,NA,NA,NA,NA,NA,0.8893333333333333,NA,NA,0.7295,1,1,0.8755,0.7226666666666667,0.5835,1,NA,2,NA,NA,NA,NA,NA,NA,NA,NA,NA,3,NA,NA,4,2,1,4,3,2,2
qualtrics_midquarter,e8f19a2f-66c8-411c-955a-d8ba4a276467,B,NA,0.25,NA,NA,NA,NA,NA,NA,NA,NA,NA,0.667,NA,NA,0.31225,0.667,0,0.5835,0.6113333333333334,0.667,0.5835,NA,2,NA,NA,NA,NA,NA,NA,NA,NA,NA,3,NA,NA,4,2,1,4,3,2,2
qualtrics_midquarter,64b88d6f-6c75-48f3-a056-f571f66d4d31,A,NA,0.917,NA,NA,NA,NA,NA,NA,NA,NA,NA,0.5556666666666668,NA,NA,0.52075,0.667,0,0.70875,0.667,0.917,0.7505,NA,2,NA,NA,NA,NA,NA,NA,NA,NA,NA,3,NA,NA,4,2,1,4,3,2,2
qualtrics_midquarter,bd72753e-3ce9-4bab-842b-d894b08fb615,B,NA,0.917,NA,NA,NA,NA,NA,NA,NA,NA,NA,0.7783333333333333,NA,NA,0.33325,0.7505,1,0.70875,0.834,0.834,0.917,NA,2,NA,NA,NA,NA,NA,NA,NA,NA,NA,3,NA,NA,4,2,1,4,3,2,2
qualtrics_midquarter,2fee37a3-cbf1-489f-a0cf-0d5d58862afa,A,NA,1,NA,NA,NA,NA,NA,NA,NA,NA,NA,1,NA,NA,0.66675,1,0,0.50025,0.667,0.917,0.7505,NA,2,NA,NA,NA,NA,NA,NA,NA,NA,NA,3,NA,NA,4,2,1,4,3,2,2
qualtrics_midquarter,ae8db8ec-1266-4482-8a95-2f33138775ff,B,NA,0.5,NA,NA,NA,NA,NA,NA,NA,NA,NA,0.5,NA,NA,0.792,0.5,0,0.5,0.5,1,1,NA,2,NA,NA,NA,NA,NA,NA,NA,NA,NA,3,NA,NA,4,2,1,4,3,2,2
qualtrics_midquarter,b0a45f66-93cb-4a50-9117-96a1d8992696,A,NA,0.5,NA,NA,NA,NA,NA,NA,NA,NA,NA,0.8336666666666667,NA,NA,0.4375,0.917,0,0.45875,0.5556666666666666,0.3335,0.7505,NA,2,NA,NA,NA,NA,NA,NA,NA,NA,NA,3,NA,NA,4,2,1,4,3,2,2
qualtrics_midquarter,7881b549-94d1-48de-a102-99d65d33aca3,B,NA,0.834,NA,NA,NA,NA,NA,NA,NA,NA,NA,0.7783333333333333,NA,NA,0.77125,0.5835,1,0.7505,0.7226666666666667,0.834,0.7505,NA,2,NA,NA,NA,NA,NA,NA,NA,NA,NA,3,NA,NA,4,2,1,4,3,2,2
qualtrics_midquarter,73065734-6a73-4de5-a653-1296562bae34,A,NA,0.75,NA,NA,NA,NA,NA,NA,NA,NA,NA,0.389,NA,NA,0.37525,0.7505,0,0.41675,0.4446666666666667,1,1,NA,2,NA,NA,NA,NA,NA,NA,NA,NA,NA,3,NA,NA,4,2,1,4,3,2,2
qualtrics_midquarter,84e67ca8-59c3-4fd2-8939-297084d41551,B,NA,0.7505,NA,NA,NA,NA,NA,NA,NA,NA,NA,0.7783333333333333,NA,NA,0.7295,0.917,1,0.58375,0.7226666666666667,0.667,1,NA,2,NA,NA,NA,NA,NA,NA,NA,NA,NA,3,NA,NA,4,2,1,4,3,2,2
qualtrics_midquarter,021b56da-7f97-4c42-b71f-e5331a2d48fa,A,NA,0.5,NA,NA,NA,NA,NA,NA,NA,NA,NA,0.6113333333333334,NA,NA,0.22925,0.667,0,0.54175,0.778,0.5835,0.7505,NA,2,NA,NA,NA,NA,NA,NA,NA,NA,NA,3,NA,NA,4,2,1,4,3,2,2
qualtrics_midquarter,474eba1a-d2d8-4b88-b8bd-33ddc485a521,A,NA,0.5835,NA,NA,NA,NA,NA,NA,NA,NA,NA,0.7223333333333334,NA,NA,0.27075,0.7505,1,0.87525,0.5003333333333333,0.167,1,NA,2,NA,NA,NA,NA,NA,NA,NA,NA,NA,3,NA,NA,4,2,1,4,3,2,2
qualtrics_midquarter,dd8b0038-9a46-4268-a165-376b8dea686a,A,NA,0.5,NA,NA,NA,NA,NA,NA,NA,NA,NA,0.7226666666666667,NA,NA,0,0.917,NA,0.70875,0.667,0.834,1,NA,2,NA,NA,NA,NA,NA,NA,NA,NA,NA,3,NA,NA,4,2,1,4,3,2,2
qualtrics_midquarter,de6655cb-f512-4020-b6b2-4d6b0b6d1754,B,NA,1,NA,NA,NA,NA,NA,NA,NA,NA,NA,0.7783333333333333,NA,NA,0.7295,0.917,0,0.45825,0.5556666666666666,0.5,0.75,NA,2,NA,NA,NA,NA,NA,NA,NA,NA,NA,3,NA,NA,4,2,1,4,3,2,2
qualtrics_midquarter,3e650eb9-2e14-4fab-9c32-d667c8d3586a,A,NA,0.75,NA,NA,NA,NA,NA,NA,NA,NA,NA,0.5,NA,NA,0.75,1,1,0.5,1,1,1,NA,2,NA,NA,NA,NA,NA,NA,NA,NA,NA,3,NA,NA,4,2,1,4,3,2,2
qualtrics_midquarter,61b42161-155d-4115-836d-b614294f955b,B,NA,0.834,NA,NA,NA,NA,NA,NA,NA,NA,NA,0.834,NA,NA,0.47925,0.834,0,0.6252500000000001,0.7226666666666667,0.7505,0.834,NA,2,NA,NA,NA,NA,NA,NA,NA,NA,NA,3,NA,NA,4,2,1,4,3,2,2
qualtrics_midquarter,f0905c94-9864-4764-af51-cfdb477681da,B,NA,1,NA,NA,NA,NA,NA,NA,NA,NA,NA,0.9446666666666668,NA,NA,0.7295,1,1,0.75025,0.8336666666666667,0.3335,0.917,NA,2,NA,NA,NA,NA,NA,NA,NA,NA,NA,3,NA,NA,4,2,1,4,3,2,2
qualtrics_midquarter,446cf424-4116-4ef3-b89c-7fbe321f168f,B,NA,0.667,NA,NA,NA,NA,NA,NA,NA,NA,NA,0.5556666666666666,NA,NA,0.4165,0.4165,0,0.5835,0.7226666666666667,0.8335,0.5835,NA,2,NA,NA,NA,NA,NA,NA,NA,NA,NA,3,NA,NA,4,2,1,4,3,2,2
qualtrics_midquarter,4cbe81de-4d7e-48ee-a834-ab4fe657b6b5,A,NA,0.417,NA,NA,NA,NA,NA,NA,NA,NA,NA,0.44433333333333336,NA,NA,0.35425,0.5,0,0.5835,0.33333333333333337,0.5,0.5,NA,2,NA,NA,NA,NA,NA,NA,NA,NA,NA,3,NA,NA,4,2,1,4,3,2,2
qualtrics_midquarter,1bfa2220-3195-4529-a64b-3f0f5499e7e8,A,NA,0.667,NA,NA,NA,NA,NA,NA,NA,NA,NA,0.7783333333333333,NA,NA,0.0835,0.834,1,0.79225,0.7783333333333333,0.667,0.834,NA,2,NA,NA,NA,NA,NA,NA,NA,NA,NA,3,NA,NA,4,2,1,4,3,2,2
qualtrics_midquarter,7b7dd6c8-c354-4e40-ad74-f909c01b1511,A,NA,0.25,NA,NA,NA,NA,NA,NA,NA,NA,NA,0.22233333333333336,NA,NA,0.18775,0.417,1,0.7085,0.834,0.3335,0.917,NA,2,NA,NA,NA,NA,NA,NA,NA,NA,NA,3,NA,NA,4,2,1,4,3,2,2
qualtrics_midquarter,4f66ad5a-bdb5-4470-a7bb-60e3363189e8,A,NA,0.7505,NA,NA,NA,NA,NA,NA,NA,NA,NA,0.7783333333333333,NA,NA,0.6042500000000001,0.667,1,0.62525,0.667,0.834,0.7505,NA,2,NA,NA,NA,NA,NA,NA,NA,NA,NA,3,NA,NA,4,2,1,4,3,2,2
qualtrics_midquarter,87ab0452-1fae-4c66-93f6-0f95e384d6dc,B,NA,0.834,NA,NA,NA,NA,NA,NA,NA,NA,NA,0.5556666666666666,NA,NA,0.3957500000000001,0.667,0,0.62525,0.5556666666666668,0.667,0.7505,NA,2,NA,NA,NA,NA,NA,NA,NA,NA,NA,3,NA,NA,4,2,1,4,3,2,2
qualtrics_midquarter,cbcc0c50-57c7-41dc-943d-c3e09aae675b,B,NA,0.5835,NA,NA,NA,NA,NA,NA,NA,NA,NA,0.667,NA,NA,0.0835,1,0,0.4165,0.5556666666666666,0.5,0.7505,NA,2,NA,NA,NA,NA,NA,NA,NA,NA,NA,3,NA,NA,4,2,1,4,3,2,2
qualtrics_midquarter,6ce34d40-3e2f-442c-a581-80692b2a11a7,A,NA,0.7505,NA,NA,NA,NA,NA,NA,NA,NA,NA,0.556,NA,NA,0.4585,0.5835,0,0.667,0.7226666666666667,1,0.4165,NA,2,NA,NA,NA,NA,NA,NA,NA,NA,NA,3,NA,NA,4,2,1,4,3,2,2
qualtrics_midquarter,7c959cf3-aa80-48d5-adf7-47727b9bc21d,A,NA,0.8335,NA,NA,NA,NA,NA,NA,NA,NA,NA,0.9446666666666668,NA,NA,0.646,1,1,0.91675,0.5,0.25,0.917,NA,2,NA,NA,NA,NA,NA,NA,NA,NA,NA,3,NA,NA,4,2,1,4,3,2,2
qualtrics_midquarter,c00a8c41-b327-4f61-81c2-3239aac4d7d3,B,NA,0.7505,NA,NA,NA,NA,NA,NA,NA,NA,NA,0.667,NA,NA,0.7295,0.5835,0,0.25,0.6113333333333334,0.333,0.667,NA,2,NA,NA,NA,NA,NA,NA,NA,NA,NA,3,NA,NA,4,2,1,4,3,2,2
qualtrics_midquarter,83550459-c67a-41e9-9a55-1c96ee767da2,B,NA,0.417,NA,NA,NA,NA,NA,NA,NA,NA,NA,0.5556666666666668,NA,NA,0.43775,0.834,0,0.62525,0.667,0.7505,0.667,NA,2,NA,NA,NA,NA,NA,NA,NA,NA,NA,3,NA,NA,4,2,1,4,3,2,2
qualtrics_midquarter,3d790d10-096b-4f3b-9cb6-60ad88dc6253,A,NA,0.3335,NA,NA,NA,NA,NA,NA,NA,NA,NA,0.7223333333333334,NA,NA,0.35425,0.333,1,0.41675,0.5,0.25,0.667,NA,2,NA,NA,NA,NA,NA,NA,NA,NA,NA,3,NA,NA,4,2,1,4,3,2,2
qualtrics_midquarter,c922ed72-9110-4f2d-b5ca-2ac34f15a13a,B,NA,1,NA,NA,NA,NA,NA,NA,NA,NA,NA,1,NA,NA,0.646,0.834,1,0.66675,0.6113333333333334,0.7505,0.917,NA,2,NA,NA,NA,NA,NA,NA,NA,NA,NA,3,NA,NA,4,2,1,4,3,2,2
qualtrics_midquarter,11e2ef28-17ca-49f8-8ca2-bf8063b2f7ae,A,NA,0.5835,NA,NA,NA,NA,NA,NA,NA,NA,NA,0.8333333333333334,NA,NA,0.6045,0.834,0,1,0.9446666666666668,0.834,0.917,NA,2,NA,NA,NA,NA,NA,NA,NA,NA,NA,3,NA,NA,4,2,1,4,3,2,2
qualtrics_midquarter,02de91ae-fd84-4e5a-86df-224606529212,A,NA,0.8335,NA,NA,NA,NA,NA,NA,NA,NA,NA,0.8336666666666667,NA,NA,0.6045,0.5,0,0.70875,0.7783333333333333,0.5,0.5,NA,2,NA,NA,NA,NA,NA,NA,NA,NA,NA,3,NA,NA,4,2,1,4,3,2,2
qualtrics_midquarter,6d5c85f1-4216-4ff4-8445-4dfc6bf4ea2f,B,NA,0.7505,NA,NA,NA,NA,NA,NA,NA,NA,NA,0.834,NA,NA,0.5627500000000001,0.667,1,0.79225,0.6113333333333334,0.7505,0.834,NA,2,NA,NA,NA,NA,NA,NA,NA,NA,NA,3,NA,NA,4,2,1,4,3,2,2
qualtrics_midquarter,2012c681-496d-402c-97ae-2570afd088d1,B,NA,0.834,NA,NA,NA,NA,NA,NA,NA,NA,NA,0.7226666666666667,NA,NA,0.47925,0.5835,0,0.5835,0.333,0.5835,0.667,NA,2,NA,NA,NA,NA,NA,NA,NA,NA,NA,3,NA,NA,4,2,1,4,3,2,2
